Project ID,Recipient-ID,Recipient Name,State/Territory,Reporting Tier,Recipient Type,Completion Status,Project Name,Expenditure Category Group,Expenditure Category,Project Description,Total Cumulative Obligations,Total Cumulative Expenditures
TPN-283548,RCP-053271,"Coosa County, Al,",Alabama,"Tier 5.  Metropolitan cities and counties with a population below 250,000 residents which received less than $10 million in SLFRF funding",Local Government,Completed less than 50%,Goodwater Volunteer Fire Department Facility,6-Revenue Replacement,6.1-Provision of Government Services,This project is to support a funding agreement with the Goodwater Volunteer Fire Department for the construction of new facility to provide more immediate services to its citizens and to provide an additional polling location in the Goodwater area to facilitate fair and equitable elections.,"$100,000",$0
TPN-219479,RCP-037689,"Barbour County, AL",Alabama,"Tier 5.  Metropolitan cities and counties with a population below 250,000 residents which received less than $10 million in SLFRF funding",Local Government,Completed,New Senior Center,6-Revenue Replacement,6.1-Provision of Government Services,"The County has received a Community Development Block Grant for the construction of a new senior center. This project is to provide for a federal match as required by that grant, including in-kind services, in support of the construction project. The County has further verified that there has been no waiver issued and no statute or regulation prohibits the use of these funds as part of the County's match.","$28,298","$28,298"
TPN-216364,RCP-040299,"Choctaw County, AL",Alabama,"Tier 5.  Metropolitan cities and counties with a population below 250,000 residents which received less than $10 million in SLFRF funding",Local Government,Completed 50% or more,Design Services for County Jail,6-Revenue Replacement,6.1-Provision of Government Services,"In order to provide for a constitutionally required jail facility, the County is building a new jail facility.  This project is to provide for design services for the new jail.","$368,900","$333,471"
TPN-155301,RCP-046809,"City Of Wetumpka, AL",Alabama,"Tier 5.  Metropolitan cities and counties with a population below 250,000 residents which received less than $10 million in SLFRF funding",Local Government,Completed,Wetumpka Fire Station,6-Revenue Replacement,6.1-Provision of Government Services,Revenue replacement funds are being used as a provision to construct a new fire station to provide public safety services to the citizens and community.,"$1,000,082","$1,000,082"
TPN-096731,RCP-038110,"St. Clair County, Alabama",Alabama,"Tier 2.  Metropolitan cities and counties with a population below 250,000 residents that are allocated more than $10 million in SLFRF funding, and NEUs that are allocated more than $10 million in SLFRF funding",Local Government,Completed,New Jail Pell City,6-Revenue Replacement,6.1-Provision of Government Services,To be used to help pay for New Jail Construction Project,"$9,470,302","$9,470,302"
TPN-258595,RCP-038894,"Lee County, Alabama",Alabama,"Tier 2.  Metropolitan cities and counties with a population below 250,000 residents that are allocated more than $10 million in SLFRF funding, and NEUs that are allocated more than $10 million in SLFRF funding",Local Government,Completed less than 50%,East Alabama Healthcare Authority Mental Health Center,1-Public Health,1.12-Mental Health Services,"This project is to provide mental health services to citizens in the county by contributing to the construction of a new mental health center. This new mental health center will provide additional inpatient bed space, including educational space for minor patients, and resources for outpatient treatment. This project will be carried out through a subrecipient, the East Alabama Healthcare Authority.","$4,131,607","$2,000,000"
TPN-276801,RCP-035632,"City Of Hartselle, AL",Alabama,"Tier 5.  Metropolitan cities and counties with a population below 250,000 residents which received less than $10 million in SLFRF funding",Local Government,Completed less than 50%,New Library/Event Center,6-Revenue Replacement,6.1-Provision of Government Services,"Build new Library, to replace 1970's building and construct a new event center to be used by the public and for city programs.","$297,121","$297,121"
TPN-238396,RCP-036755,"Morgan County, Alabama",Alabama,"Tier 2.  Metropolitan cities and counties with a population below 250,000 residents that are allocated more than $10 million in SLFRF funding, and NEUs that are allocated more than $10 million in SLFRF funding",Local Government,Completed,Morgan County-Decatur Farmer's Market,6-Revenue Replacement,6.1-Provision of Government Services,"Transfer of funds to the Decatur-Morgan County Farmer's Market Board, a quasi-governmental entity established by public ordinance, to construct a new facility for the operation of a farmer's market to support local industry.","$500,000","$500,000"
TPN-057268,RCP-036011,"City Of Tucson, Arizona",Arizona,"Tier 1. States, U.S. territories, metropolitan cities and counties with a population that exceeds 250,000 residents",Local Government,Completed,Poverello House of Tucson,2-Negative Economic Impacts,2.34-Assistance to Impacted Nonprofit Organizations (Impacted or Disproportionately Impacted),Grant funds will be used to purchase property obtain applicable permits and tear down and construct a new facility to provide expanded and accessible daytime services for unhoused individuals negatively impacted by the public health crisis,"$218,985","$218,985"
TPN-107661,RCP-049058,"City Of San Luis, Arizona",Arizona,"Tier 2.  Metropolitan cities and counties with a population below 250,000 residents that are allocated more than $10 million in SLFRF funding, and NEUs that are allocated more than $10 million in SLFRF funding",Local Government,Completed,Fire Station #2,6-Revenue Replacement,6.1-Provision of Government Services,"The new fire station #2 is a 2400 square foot seven dorm fire station, including an apparatus parking structure, as well as on-site infrastructure, concrete, and asphalt paving.","$107,000","$107,000"
TPN-151549,RCP-039077,"Yuma, Arizona",Arizona,"Tier 2.  Metropolitan cities and counties with a population below 250,000 residents that are allocated more than $10 million in SLFRF funding, and NEUs that are allocated more than $10 million in SLFRF funding",Local Government,Completed,Fire Station 7 Construction,1-Public Health,1.6-Medical Expenses (including Alternative Care Facilities),New Fire Station 7,"$2,000,000","$2,000,000"
TPN-067852,RCP-049078,"City Of Winslow, AZ",Arizona,"Tier 5.  Metropolitan cities and counties with a population below 250,000 residents which received less than $10 million in SLFRF funding",Local Government,Completed,General Government Services,6-Revenue Replacement,6.1-Provision of Government Services,"Funds will be used to update general programs and apparatus for community. Construct a new library to provide public programs for youth and adults, and access to free internet and wi-fi. The local schools and community programs will have access to the Library for youth programs  and summer programs.","$3,000,000","$3,000,000"
TPN-191109,RCP-035940,"County Of Washington, Ar",Arkansas,"Tier 2.  Metropolitan cities and counties with a population below 250,000 residents that are allocated more than $10 million in SLFRF funding, and NEUs that are allocated more than $10 million in SLFRF funding",Local Government,Completed 50% or more,Emergency Operations Center Construction,1-Public Health,1.14-Other Public Health Services,Washington County has been without an Emergency Operations Center for several years and wishes to use the remaining unobligated ARPA funds for the construction of a new Emergency Operations Center for the benefit of all Washington County citizens. (I'm unsure of the total capital expenditures for this project),"$5,857,233","$5,054,073"
TPN-211775,RCP-019669,"City Of Hoxie, AR",Arkansas,"Tier 5.  Metropolitan cities and counties with a population below 250,000 residents which received less than $10 million in SLFRF funding",Local Government,,Misc,6-Revenue Replacement,6.1-Provision of Government Services,"The City of Hoxie paid the non-electric city employees a vaccine incentive for their hard work during the pandemic.   In addition, we built a new City Hall we used revenue replacement funds for the cost of purchase and installation on concrete, installation of a heat and unit, and counter tops","$56,394","$56,394"
TPN-217769,RCP-038054,"Poinsett County, AR",Arkansas,"Tier 5.  Metropolitan cities and counties with a population below 250,000 residents which received less than $10 million in SLFRF funding",Local Government,Completed less than 50%,Courthouse Annex Building,6-Revenue Replacement,6.1-Provision of Government Services,Construction of a new Courthouse Annex Building to reduce faculty overcrowding of the current Courthouse. This building will allow  the County Assessor's Office and the County Collector's Office to move to a location that is ground level and reduce the climbing of dangerous stairs to assess property and collect taxes. A larger meeting room is included in the construction plans to allow for better social distancing and reduce the current overcrowding of our public meetings and Quorum Court meetings.,"$2,070,038","$892,769"
TPN-266526,RCP-025362,"Benton, AR",Arkansas,"Tier 5.  Metropolitan cities and counties with a population below 250,000 residents which received less than $10 million in SLFRF funding",Local Government,Completed less than 50%,Animal Shelter,6-Revenue Replacement,6.1-Provision of Government Services,"The City Council voted to build of a new Animal Shelter with a cost of $2,265,575 while utilizing $500,000 of ARPA funds for the remaining $1,765,575 will be from General Revenues.  The contract was signed in late October 2024 and began at the end of December 2025 due to weather delays.  Projected completion date is late fall 2025.","$500,000",$0
TPN-132936,RCP-025601,"Walnut Ridge, AR",Arkansas,"Tier 5.  Metropolitan cities and counties with a population below 250,000 residents which received less than $10 million in SLFRF funding",Local Government,Completed,New Fire Station,6-Revenue Replacement,6.1-Provision of Government Services,"The City of Walnut Ridge used Revenue Replacement funding for the building a new fire station for the city. We issued a construction contract, and the project has been fully completed. All SLFRF funds were used for this project. We are very pleased with our new fire station and excited that we now have a fire station on the other side of our railroad tracks near our school.","$1,048,749","$1,048,749"
TPN-132821,RCP-053208,"City Of Conway, Arkansas",Arkansas,"Tier 2.  Metropolitan cities and counties with a population below 250,000 residents that are allocated more than $10 million in SLFRF funding, and NEUs that are allocated more than $10 million in SLFRF funding",Local Government,Completed,Fire Station 3,6-Revenue Replacement,6.1-Provision of Government Services,Partial payment towards construction of a new Fire Station #3.,"$750,000","$750,000"
TPN-059614,RCP-000949,"County Of Calaveras,",California,"Tier 5.  Metropolitan cities and counties with a population below 250,000 residents which received less than $10 million in SLFRF funding",Local Government,Cancelled,Animal Shelter,6-Revenue Replacement,6.1-Provision of Government Services,Design and construction of new Animal Shelter building to replace the current building that has exceeded its functional lifespan and no longer provides an optimal working and living space for employees and sheltered animals.,$0,$0
TPN-044344,RCP-047408,"San Carlos City, CA",California,"Tier 5.  Metropolitan cities and counties with a population below 250,000 residents which received less than $10 million in SLFRF funding",Local Government,,Fire Station 16 Replacement,6-Revenue Replacement,6.1-Provision of Government Services,"The San Carlos Fire Station 16 was built in 1958 and is in need of replacement to meet seismic standards for critical infrastructure.  The project includes an initial study, design, and construction of a new fire station at its current location.","$7,220,894","$7,220,894"
TPN-134983,RCP-036344,"City Of Fresno, California",California,"Tier 1. States, U.S. territories, metropolitan cities and counties with a population that exceeds 250,000 residents",Local Government,Cancelled,Fire Station 12 Construction,6-Revenue Replacement,6.1-Provision of Government Services,"A new Fire Station 12 is being developed to replace existing Fire Station 12, that is inadequate in capability to support the growing needs of northwest Fresno. Fire Station 12\u2019s district emergency responses have increased beyond the capacity of the current station located at 2874 West Acacia Avenue, which at times as required assistance from units outside of Fire Station 12\u2019s district. The new Fire Station 12 will house eight crew members and include four pull-through apparatus bays to meet the service needs of northwest Fresno. The project will be delivered utilizing a design-bid-build method and will be designed by The Taylor Group Architects of Clovis, CA. Construction of the new station is scheduled for completion by the end of 2025.",$0,$0
TPN-052075,RCP-047393,"Rancho Palos Verdes City, CA",California,"Tier 5.  Metropolitan cities and counties with a population below 250,000 residents which received less than $10 million in SLFRF funding",Local Government,Completed,Ladera Linda Park and Community Center,6-Revenue Replacement,6.1-Provision of Government Services,"This project is intended to replace the existing buildings located at the site with a new community center, refurbish the\ngrounds and consists of Removing the existing buildings and infrastructure; Building a new community center and\nassociated infrastructure; Building a new parking lot; and Building a new park and associated equipment","$4,154,294","$4,154,294"
TPN-120265,RCP-039809,"Menifee, California",California,"Tier 2.  Metropolitan cities and counties with a population below 250,000 residents that are allocated more than $10 million in SLFRF funding, and NEUs that are allocated more than $10 million in SLFRF funding",Local Government,Completed,Revenue Loss: Fire Station #5,6-Revenue Replacement,6.1-Provision of Government Services,"Construction of new Fire Station #5 to serve Quail Valley/AMR area of City. A construction contract has been awarded for this project, and construction has began. As update/correction to January 2024 report, during the July 2023 to December 2023 expenditures were $357,775 (encumbrances total, prior to expenditures $1,000,000), and for the period of January 2024 to April 2024, expenditures were $642,225 with the full encumbrance total used.\n\nAs of December 31, 2024 all ARPA funds towards this project has been expended. The project is in under final completion expected to be fully completed by February 2025.\n\nAs of June 30, 2025,  The project is substantially complete and pending final close out items. \n\nAs of October 31, 2025, the project is fully complete with a Notice of Completion filed.","$1,000,000","$1,000,000"
TPN-062071,RCP-047360,"Moorpark City, CA",California,"Tier 5.  Metropolitan cities and counties with a population below 250,000 residents which received less than $10 million in SLFRF funding",Local Government,Cancelled,New Moorpark City Library,6-Revenue Replacement,6.1-Provision of Government Services,"The new Moorpark City Library will be a resource for education, information, and recreational needs to the community. It will also provide a space for the community to gather in the historic downtown of Moorpark. The new Library will be built just west of the Northwest corner of High Street and Moorpark Avenue in Moorpark, CA to replace the existing library nearby. The new Library's proposed site is approximately 2 acres with a proposed structure of 17,500 square feet. The new building will be one story and sit on a sloped site in the heart of downtown. It will take approximately three years to construct the library and will cost approximately $30,400,000 to build.",$0,$0
TPN-236115,RCP-036232,State Of Colorado,Colorado,"Tier 1. States, U.S. territories, metropolitan cities and counties with a population that exceeds 250,000 residents",State/DC,Cancelled,Denver Theodora Family Motel,2-Negative Economic Impacts,2.16-Long-Term Housing Security: Services for Unhoused persons,"Volunteers of America Colorado (VOAC) will develop the Theodora Family Motel in Denver to serve families with children and veterans experiencing homelessness with non-congregate shelter. This project will demolish an existing hotel shelter and construct a new facility on the same site. This project will expand the number of shelter rooms available and offer extensive services onsite including housing-focused case management, life skills, employment and educational services in addition to Head Start Home Based Services. The facility is in close proximity to Colorado Coalition for the Homeless West End Health Center which offers medical and behavioral health services to area residents. This project will expand shelter capacity in Denver and work with program participants on re-housing services to identify and transition participants into permanent housing.",$0,$0
TPN-121682,RCP-049140,"Ansonia, CT",Connecticut,"Tier 5.  Metropolitan cities and counties with a population below 250,000 residents which received less than $10 million in SLFRF funding",Local Government,Completed,Police Department Construction,6-Revenue Replacement,6.1-Provision of Government Services,Unexpected infrastructure costs associated with the construction of the new Police Station not covered by bond issuance..,"$78,001","$78,001"
TPN-232939,RCP-038254,"West Hartford, Connecticut",Connecticut,"Tier 2.  Metropolitan cities and counties with a population below 250,000 residents that are allocated more than $10 million in SLFRF funding, and NEUs that are allocated more than $10 million in SLFRF funding",Local Government,Completed less than 50%,Elmwood Community Center,6-Revenue Replacement,6.1-Provision of Government Services,"The Town is building a new facility for the community for events, senior centers, etc. The Town completed a feasibility study, which is a detailed analysis that considers all of the critical aspects of a proposed project. The next step in this project would be to hire an architect to design the building, once the design is completed, the development  of the construction plans and specifications will be completed. The $3,000,000 is to hire the architect to design the building, produce the construction documents along with assisting with the bidding process. In addition, provide construction administration services during construction and to provide the as-build documents once the building is completed.","$2,997,149","$1,230,106"
TPN-116767,RCP-036116,"St. Johns County, Florida",Florida,"Tier 1. States, U.S. territories, metropolitan cities and counties with a population that exceeds 250,000 residents",Local Government,Completed,SW SR 207 Fire Station,6-Revenue Replacement,6.1-Provision of Government Services,Supplement costs associated with construction of new fire station on SR 207,"$2,500,000","$2,500,000"
TPN-200469,RCP-050663,"Cocoa Beach City, FL",Florida,"Tier 5.  Metropolitan cities and counties with a population below 250,000 residents which received less than $10 million in SLFRF funding",Local Government,Completed 50% or more,City Hall,1-Public Health,1.14-Other Public Health Services,"Construction of a new city hall and public use greenspace to replace and enhance the daily lives of the residents and city employees who work in the building. Greenspace will allow an area for residents and employees to enjoy nature, and new working facilities will allow the city workers to do a better job. Community rooms and stage area allows for community and physical activities to be held. The new building is also the EOC center for any natural disaster, allowing a safe area for resident, employees, and operational staging.","$1,399,367","$1,009,143"
TPN-104872,RCP-050825,"Oakland Park City, Florida",Florida,"Tier 2.  Metropolitan cities and counties with a population below 250,000 residents that are allocated more than $10 million in SLFRF funding, and NEUs that are allocated more than $10 million in SLFRF funding",Local Government,,Fire Station 20 Project,6-Revenue Replacement,6.1-Provision of Government Services,Design and construct new Fire Station 20.,"$900,000","$900,000"
TPN-104883,RCP-039781,"Pinellas County, Florida",Florida,"Tier 1. States, U.S. territories, metropolitan cities and counties with a population that exceeds 250,000 residents",Local Government,Completed,Palm Harbor Fire Station 68,6-Revenue Replacement,6.1-Provision of Government Services,Construction of a new fire station.,"$2,500,000","$2,500,000"
TPN-195314,RCP-050753,"Key West City, Florida",Florida,"Tier 2.  Metropolitan cities and counties with a population below 250,000 residents that are allocated more than $10 million in SLFRF funding, and NEUs that are allocated more than $10 million in SLFRF funding",Local Government,Completed,Frederick Douglass Community Center,10-Title I,"10.2-Acquisition, construction, reconstruction, or installation of public works sites or other public purposes","Demolition of the existing Douglass Gym Extension and construction of new facility with community center and classrooms for learning and music located in Bahama Village, a culturally significant historic district.","$1,392,782","$1,392,782"
TPN-109025,RCP-036061,State Of Florida,Florida,"Tier 1. States, U.S. territories, metropolitan cities and counties with a population that exceeds 250,000 residents",State/DC,Completed less than 50%,Artifact Facility,6-Revenue Replacement,6.1-Provision of Government Services,"The current Department of State (DOS) Artifact Facility at Mission San Luis is nearing capacity and is unsuitable for the continued long-term storage of public artifacts and archival collections. The state will build a new facility to improve public access to collections, including for the artifact loan program, for qualified professional and scholarly research, and for public educational programming.   This project supports the State's mission to promote the growth of the heritage and cultural component of Florida\u2019s tourism industry by supporting the artifact loan program, which loans objects from the collection free of charge to qualifying museums and institutions across the State.","$13,800,000","$2,643,573"
TPN-114234,RCP-050896,"Tarpon Springs City, Florida",Florida,"Tier 2.  Metropolitan cities and counties with a population below 250,000 residents that are allocated more than $10 million in SLFRF funding, and NEUs that are allocated more than $10 million in SLFRF funding",Local Government,Completed 50% or more,Fire Station 70 Design,6-Revenue Replacement,6.1-Provision of Government Services,Design for new Fire Station 70 Building,"$592,046","$485,603"
TPN-177235,RCP-036004,"Manatee County, Florida",Florida,"Tier 1. States, U.S. territories, metropolitan cities and counties with a population that exceeds 250,000 residents",Local Government,Completed 50% or more,6.1-JulyMWST,6-Revenue Replacement,6.1-Provision of Government Services,Design and build  a new EMS Station  in the Moccasin Wallow area of Manatee County.  The demand for increased public safety and public health services is a direct result of population growth in Northern Manatee County.  Outside contractors will be used to perform this construction project and the building of an EMS station is a traditional government service.,"$2,898,358","$2,211,307"
TPN-003296,RCP-035896,"Orange County, Florida",Florida,"Tier 1. States, U.S. territories, metropolitan cities and counties with a population that exceeds 250,000 residents",Local Government,Completed,Fire Station #80,6-Revenue Replacement,6.1-Provision of Government Services,"The project is for the construction of a 3-Bay Fire Station to replace the existing station located at 1841 Bonneville Dr, Orlando, FL 32826. The current station is a prefabricated metal building constructed in 1973. This building has exceeded its functional lifespan and no longer provides an optimal working and living environment for first responders. The design for the new fire station #80 was funded from Orange County. The project is complete.","$6,517,623","$6,517,623"
TPN-235340,RCP-035943,"Lake County, Florida",Florida,"Tier 1. States, U.S. territories, metropolitan cities and counties with a population that exceeds 250,000 residents",Local Government,Completed less than 50%,Montverde Fire Station 85,6-Revenue Replacement,6.1-Provision of Government Services,"Lake County entered an interlocal agreement in May 2021 with the Town of Montverde to begin providing Fire Protection and Rescue Services for the municipality, which replaced the long-standing volunteer department. As part of the agreement, the county agreed to construct a new facility, Fire Station 85, within the community. These funds will help to cover a portion of the construction costs of this brand-new fire station.","$1,757,542","$182,877"
TPN-252011,RCP-035951,"Marion County, Florida",Florida,"Tier 1. States, U.S. territories, metropolitan cities and counties with a population that exceeds 250,000 residents",Local Government,Not Started,College of Central Florida Nursing Facility,1-Public Health,1.14-Other Public Health Services,"Construct a new building located at 3001 S.W. College Road , Ocala FL 34474-4415 to provide additional instructional space for its nursing program;","$1,954,974","$1,582,610"
TPN-261787,RCP-050845,"Panama City Beach City, FL",Florida,"Tier 5.  Metropolitan cities and counties with a population below 250,000 residents which received less than $10 million in SLFRF funding",Local Government,Completed 50% or more,Fire Station #31,1-Public Health,1.14-Other Public Health Services,Build new Fire Station to better serve public,"$2,302,241","$2,302,241"
TPN-259199,RCP-035929,"Clay County, Florida",Florida,"Tier 2.  Metropolitan cities and counties with a population below 250,000 residents that are allocated more than $10 million in SLFRF funding, and NEUs that are allocated more than $10 million in SLFRF funding",Local Government,Completed,Fire Station 20 Construction,1-Public Health,1.14-Other Public Health Services,"Construction of the new Fire Station 20, which is located at the intersection of Idlewood Avenue and Southwest Street in Green Cove Springs. This funding request is associated with the Phase 2 Construction Agreement with Ajax Building Company, LLC.","$836,356","$836,356"
TPN-030060,RCP-040167,"Liberty County, Georgia",Georgia,"Tier 2.  Metropolitan cities and counties with a population below 250,000 residents that are allocated more than $10 million in SLFRF funding, and NEUs that are allocated more than $10 million in SLFRF funding",Local Government,Completed,Construction of an EMS Station,1-Public Health,1.7-Other COVID-19 Public Health Expenses (including Communications Enforcement Isolation/Quarantine),Liberty County will contribute to the construction of a new EMS building.  This building has been designed and the bids were reviewed on 1/27/2022.  The Commissioners will award the bid at their meeting on 2/1/2022.  Total Project estimated at $2.5M,"$1,000,000","$1,000,000"
TPN-057222,RCP-039500,"Union County, GA",Georgia,"Tier 5.  Metropolitan cities and counties with a population below 250,000 residents which received less than $10 million in SLFRF funding",Local Government,Completed,Fire Station 13,6-Revenue Replacement,6.1-Provision of Government Services,Build a new fire station with an ambulance bay and office for Sheriff's deputies. The purpose of this project is to build a new fire station with ambulance bays to serve the expanded population of the north end of the county. The outcome is to have shorter response times to emergencies in the most populated area of the county.,"$2,596,106","$2,596,106"
TPN-290768,RCP-025986,"Webster County Unified Government, GA",Georgia,"Tier 5.  Metropolitan cities and counties with a population below 250,000 residents which received less than $10 million in SLFRF funding",Local Government,Completed,Fire Department,6-Revenue Replacement,6.1-Provision of Government Services,New Fire Station,"$61,380","$61,380"
TPN-240478,RCP-037973,"Atkinson County, GA",Georgia,"Tier 5.  Metropolitan cities and counties with a population below 250,000 residents which received less than $10 million in SLFRF funding",Local Government,Completed,New Jail/Courthouse,1-Public Health,1.4-Prevention in Congregate Settings (Nursing Homes Prisons/Jails Dense Work Sites Schools Child care facilities etc.),Building of a new jail with germ prevention in mind,"$883,714","$883,714"
TPN-147569,RCP-038346,"Hinesville, GA",Georgia,"Tier 5.  Metropolitan cities and counties with a population below 250,000 residents which received less than $10 million in SLFRF funding",Local Government,Completed,Fire Department - Fire Station,3-Public Health-Negative Economic Impact: Public Sector Capacity,3.4-Public Sector Capacity: Effective Service Delivery,Construction of New Fire Station that was designed to better serve during negative economic impacts or public health emergencies.,"$3,500,073","$3,500,073"
TPN-220989,RCP-039821,"Harris County, GA",Georgia,"Tier 5.  Metropolitan cities and counties with a population below 250,000 residents which received less than $10 million in SLFRF funding",Local Government,Completed,EMS/VFD Facility,1-Public Health,1.6-Medical Expenses (including Alternative Care Facilities),Construction of new EMS/VFD in the Northwest Harris Business Park,"$472,000","$472,000"
TPN-142945,RCP-037123,"Pickens County, GA",Georgia,"Tier 5.  Metropolitan cities and counties with a population below 250,000 residents which received less than $10 million in SLFRF funding",Local Government,Completed,Talking Rock Fire Station,6-Revenue Replacement,6.1-Provision of Government Services,To build a new fire station in the Talking Rock area,"$42,098","$42,098"
TPN-210775,RCP-026263,"Alamo, GA",Georgia,"Tier 5.  Metropolitan cities and counties with a population below 250,000 residents which received less than $10 million in SLFRF funding",Local Government,Completed,New City Hall,6-Revenue Replacement,6.1-Provision of Government Services,"This project consists of building a new City Hall and Police Department for the City of Alamo, Pro Construction Company of Ga. LLC. remodeled an existing building that belonged to the City of Alamo on 7 West Main St., the total square footage of this completed project is 5885 square feet. The City Hall is 3011 square feet, the Police Dept. is 1276 square feet, the maintenance area is 1598 square feet. The new City Hall/ Police Department building will ensure the safety and security of city employees and residents of the City of Alamo. Approximately 35 jobs were created during the eight-month process of this project.  The expenses for this project were $756,012.11.","$756,012","$756,012"
TPN-089353,RCP-025781,"Lookout Mountain, GA",Georgia,"Tier 5.  Metropolitan cities and counties with a population below 250,000 residents which received less than $10 million in SLFRF funding",Local Government,,City Hall Building Construction,6-Revenue Replacement,6.1-Provision of Government Services,Funds used to pay request #8 in construction of new City Hall building.,"$177,760","$177,760"
TPN-147085,RCP-025682,"Fairburn, GA",Georgia,"Tier 5.  Metropolitan cities and counties with a population below 250,000 residents which received less than $10 million in SLFRF funding",Local Government,Completed 50% or more,New Fire Station,6-Revenue Replacement,6.1-Provision of Government Services,New Fire Station #23,"$2,104,104","$2,073,420"
TPN-136955,RCP-031718,"City Of Rupert, ID",Idaho,"Tier 5.  Metropolitan cities and counties with a population below 250,000 residents which received less than $10 million in SLFRF funding",Local Government,Completed 50% or more,New Fire Station / 1st Responder Facility,1-Public Health,1.7-Other COVID-19 Public Health Expenses (including Communications Enforcement Isolation/Quarantine),"The City of Rupert's Fire Station is home to many of our City's first responders. At this time, the current Fire Station is inadequate and has deteriorated. The new station will be used for more modern equipment and as a community evacuation or temporary medical center in the event of natural disaster, pandemic or hospital overflow. This project is funded under the eligible use category of 'Responding to the public health emergency and its negative economic impacts' as outlined in the Final Rule for the SLFRF program. The construction of a new fire station enhances public safety infrastructure, improves emergency response times, and ensures continuity of critical services during public health emergencies or other crises. This project benefits communities that were disproportionately impacted by the pandemic and strengthens the locality\u2019s capacity to respond to future public health threats.","$1,205,461","$824,379"
TPN-223890,RCP-031694,"City Of Paris, ID",Idaho,"Tier 5.  Metropolitan cities and counties with a population below 250,000 residents which received less than $10 million in SLFRF funding",Local Government,Completed,Foundation and Placing Modular House,6-Revenue Replacement,6.1-Provision of Government Services,Digging found and cement work for the foundation of new city hall. Placing  a triple wide modular house that given to the city on foundation. Old city hall is not ADA accessible.,"$55,305","$55,305"
TPN-273803,RCP-040107,"Custer County, ID",Idaho,"Tier 5.  Metropolitan cities and counties with a population below 250,000 residents which received less than $10 million in SLFRF funding",Local Government,,Custer County Jail,6-Revenue Replacement,6.1-Provision of Government Services,"Remaining funds of $771,914.96 were dedicated to help with the building of a new Jail for Custer County.  RFQ's were sent out on January 13, 2025, and 3 were received.  The commissioners have had several meetings for design and jail specifications.  The commissioners have not received any blueprints at this time. Custer County is in need of an upgraded jail.  The jail we now have is 125 years old and is out of compliance. We are hoping to get started this summer with a finish date of sometime in 2026.","$771,915",$0
TPN-122861,RCP-039876,"Jasper County, IL",Illinois,"Tier 5.  Metropolitan cities and counties with a population below 250,000 residents which received less than $10 million in SLFRF funding",Local Government,Completed,Jail Construction Project Payment,6-Revenue Replacement,6.1-Provision of Government Services,"The Jasper County Jail was deteriorated to the point of being unusable.  The sheriff's office was sending copious amounts of money each month to other detention centers for housing individuals because their facility could not safely keep them.  The board decided to use part of their ARPA funds, in conjunction with money they had in reserves, to pay for the building of a new jail.  The construction and billing are coming in phases.  This project is nearing completion, but still has a bit to go.  Without ARPA funding, the county could not have afforded to pay for a new building from what they had saved.","$19,685","$19,685"
TPN-122644,RCP-039876,"Jasper County, IL",Illinois,"Tier 5.  Metropolitan cities and counties with a population below 250,000 residents which received less than $10 million in SLFRF funding",Local Government,Completed,Jail Construction Project Payment #11,6-Revenue Replacement,6.1-Provision of Government Services,"The Jasper County Jail was deteriorated to the point of being unusable.  The sheriff's office was sending copious amounts of money each month to other detention centers for housing individuals because their facility could not safely keep them.  The board decided to use part of their ARPA funds, in conjunction with money they had in reserves, to pay for the building of a new jail.  The construction and billing are coming in phases.  This project is nearing completion, but still has a bit to go.  Without ARPA funding, the county could not have afforded to pay for a new building from what they had saved.","$197,722","$197,722"
TPN-282916,RCP-055882,"West Peoria City, IL",Illinois,"Tier 5.  Metropolitan cities and counties with a population below 250,000 residents which received less than $10 million in SLFRF funding",Local Government,Completed 50% or more,New City Hall,6-Revenue Replacement,6.1-Provision of Government Services,"The City of West Peoria is constructing a new City Hall, funded in part by ARPA funds, to serve as a central hub for the community. The new facility will house all administrative services, general and emergency assistance\u2014including utility payment support for qualified residents\u2014council meetings, and a public community room. It will also feature a memorial wall honoring West Peoria veterans and serve as a meeting space for local organizations, reflecting the city's commitment to meeting residents' needs and fostering community engagement.\n\nPayments for this project were carefully structured and scheduled to ensure proper use of funds. All ARPA funds allocated to the project were utilized between September 13, 2024, and November 15, 2024.  Completion date of this project is scheduled to May 1, 2025.","$606,257","$606,257"
TPN-122762,RCP-039876,"Jasper County, IL",Illinois,"Tier 5.  Metropolitan cities and counties with a population below 250,000 residents which received less than $10 million in SLFRF funding",Local Government,Completed,Jail Construction Project Payment #15,6-Revenue Replacement,6.1-Provision of Government Services,"The Jasper County Jail was deteriorated to the point of being unusable.  The sheriff's office was sending copious amounts of money each month to other detention centers for housing individuals because their facility could not safely keep them.  The board decided to use part of their ARPA funds, in conjunction with money they had in reserves, to pay for the building of a new jail.  The construction and billing are coming in phases.  This project is nearing completion, but still has a bit to go.  Without ARPA funding, the county could not have afforded to pay for a new building from what they had saved.","$119,318","$119,318"
TPN-080752,RCP-015839,"Loves Park City, IL",Illinois,"Tier 5.  Metropolitan cities and counties with a population below 250,000 residents which received less than $10 million in SLFRF funding",Local Government,Completed,Fire Station #3,6-Revenue Replacement,6.1-Provision of Government Services,The City contracted to purchase an existing and vacant building for a new Fire station that is needed farther to the east side of our city. The Fire Department provides the primary ambulance service to our citizens and this location will allow better response times for a larger portion of our population. The purchase was completed in April 2022.,"$1,469,449","$1,469,449"
TPN-044156,RCP-016304,"Wheeling Village, IL",Illinois,"Tier 5.  Metropolitan cities and counties with a population below 250,000 residents which received less than $10 million in SLFRF funding",Local Government,Completed,Fire Station 24,6-Revenue Replacement,6.1-Provision of Government Services,Funds will be used to build a new fire station 42.  The fire station is being relocated to the northwest quadrant of the community to better serve the community's emergency service needs.,"$5,259,127","$5,259,127"
TPN-266074,RCP-055845,"Polo City, IL",Illinois,"Tier 5.  Metropolitan cities and counties with a population below 250,000 residents which received less than $10 million in SLFRF funding",Local Government,Completed,New City Hall Building,7-Administrative,7.1-Administrative Expenses,"""The City of Polo purchased a piece of property, excavated the property from cement grain bins, and built a new City Hall building.  ""","$115,940","$115,940"
TPN-250107,RCP-018117,"Knoxville City, IL",Illinois,"Tier 5.  Metropolitan cities and counties with a population below 250,000 residents which received less than $10 million in SLFRF funding",Local Government,Completed,New City Hall Annex,6-Revenue Replacement,6.1-Provision of Government Services,construct new City Hall annex,"$143,805","$143,805"
TPN-230045,RCP-015811,"Leonore Village, IL",Illinois,"Tier 5.  Metropolitan cities and counties with a population below 250,000 residents which received less than $10 million in SLFRF funding",Local Government,,Municipal Building,6-Revenue Replacement,6.1-Provision of Government Services,The funds were used for new Municipal Building.,"$16,738","$16,738"
TPN-225819,RCP-039876,"Jasper County, IL",Illinois,"Tier 5.  Metropolitan cities and counties with a population below 250,000 residents which received less than $10 million in SLFRF funding",Local Government,Completed,Jail-Construction Final Payment,6-Revenue Replacement,6.1-Provision of Government Services,This expense covers a portion of the construction costs for the new jail that the county had built.,"$212,898","$212,898"
TPN-276407,RCP-039460,"Washington County, IL",Illinois,"Tier 5.  Metropolitan cities and counties with a population below 250,000 residents which received less than $10 million in SLFRF funding",Local Government,Completed,New Ambulance Department,6-Revenue Replacement,6.1-Provision of Government Services,Construction of New Ambulance Department,"$1,448,689","$1,448,689"
TPN-139876,RCP-039101,"New Albany, Indiana",Indiana,"Tier 2.  Metropolitan cities and counties with a population below 250,000 residents that are allocated more than $10 million in SLFRF funding, and NEUs that are allocated more than $10 million in SLFRF funding",Local Government,Completed,Police Station Construction,6-Revenue Replacement,6.1-Provision of Government Services,To pay for a portion of the costs to design and construct a new police station in the City.,"$2,000,000","$2,000,000"
TPN-126371,RCP-046887,"Chesterton Town, IN",Indiana,"Tier 5.  Metropolitan cities and counties with a population below 250,000 residents which received less than $10 million in SLFRF funding",Local Government,Completed,Chesterton Police Station,6-Revenue Replacement,6.1-Provision of Government Services,Construction of new Police Station for the Town of Chesterton.  This project will improve public safety without funding that will put additional stress on the tax base.,"$3,192,723","$3,192,723"
TPN-131939,RCP-046873,"Burlington Town, IN",Indiana,"Tier 5.  Metropolitan cities and counties with a population below 250,000 residents which received less than $10 million in SLFRF funding",Local Government,Completed,Construction of New Town Hall,6-Revenue Replacement,6.1-Provision of Government Services,The town council chose to utilize the entire amount of ARPA grant monies awarded for government services towards one project - the construction of a new town hall.  The town previously leased office space.  The previous location was not well insulated and did not comply with requirements for a secured police department in regards to evidence storage and interview space.  The new town hall serves all residents of the town by providing a building that is owned by the taxpayers and that is the central hub for all town government services offered to residents.,"$136,883","$136,883"
TPN-139724,RCP-047005,"Macy Town, IN",Indiana,"Tier 5.  Metropolitan cities and counties with a population below 250,000 residents which received less than $10 million in SLFRF funding",Local Government,Completed,Fire Station,7-Administrative,7.2-Transfers to Other Units of Government,Building new Fire Station,"$45,014","$45,014"
TPN-218628,RCP-052987,"New Chicago Town, IN",Indiana,"Tier 5.  Metropolitan cities and counties with a population below 250,000 residents which received less than $10 million in SLFRF funding",Local Government,Completed less than 50%,New Town Hall,7-Administrative,7.1-Administrative Expenses,Building a new Town Hall and removing the existing Town Hall.,"$405,909","$31,227"
TPN-147257,RCP-046937,"Frankfort City, IN",Indiana,"Tier 5.  Metropolitan cities and counties with a population below 250,000 residents which received less than $10 million in SLFRF funding",Local Government,Completed,Construction of New Frankfort Police Station,6-Revenue Replacement,6.1-Provision of Government Services,"Construction of a new police station building to replace an older, outdated facility.","$1,025,587","$1,025,587"
TPN-231051,RCP-014780,"St. Paul Town, IN",Indiana,"Tier 5.  Metropolitan cities and counties with a population below 250,000 residents which received less than $10 million in SLFRF funding",Local Government,Completed,FIRE STATION,6-Revenue Replacement,6.1-Provision of Government Services,"BRAND NEW FIRE STATION BUILD , THE FUNDS WERE PAID TO THE CONTSRUCTION COMPANY FOR THE NEW FIRE STATION BUILDING","$121,131","$121,131"
TPN-204234,RCP-047000,"Long Beach Town, IN",Indiana,"Tier 5.  Metropolitan cities and counties with a population below 250,000 residents which received less than $10 million in SLFRF funding",Local Government,Completed,Government Services,6-Revenue Replacement,6.1-Provision of Government Services,Government Expenses.  New Public Safety Building.,"$12,259","$12,259"
TPN-057298,RCP-038618,"Pike County, IN",Indiana,"Tier 5.  Metropolitan cities and counties with a population below 250,000 residents which received less than $10 million in SLFRF funding",Local Government,Completed 50% or more,CONSTRUCTION OF A PIKE COUNTY AMBULANCE STATION & STORAGE FACILITY,6-Revenue Replacement,6.1-Provision of Government Services,"PIKE COUNTY IS BUILDING A NEW AMBULANCE STATION .  COUNTY  CURRENTLY RENTS SPACE FOR OUR SOUTHERN EMS STATION. THE INCORPORATION OF THIS SPACE INTO THIS BUILDING WILL PROVIDE A DEDICATED SPACE FOR EMS IN THE COUNTY'S SOTHERN REGION.  COUNTY IS UTILIZING THE BUDGET FOR THIS ITEM PLUS INTEREST FROM INVESTING A PORTION OF THE SLFRF FUNDS, PLUS LATCF FUNDS, PLUS COUNTY ECONOMIC DEVELOPMENT FUNDS TO BUILD A 1,000,000 EMS BUILDING.","$805,000","$410,540"
TPN-261802,RCP-046851,"Avon Town, IN",Indiana,"Tier 5.  Metropolitan cities and counties with a population below 250,000 residents which received less than $10 million in SLFRF funding",Local Government,,AVON CIVIC CENTER,6-Revenue Replacement,6.1-Provision of Government Services,CONSTRUCTION OF A NEW GOVERNMENT BUILDING TO ACCOMADATE A GROWING COMMUNITY. FUNDS WILL BE USED IN CONSTRUCTION COSTS,"$4,239,287",$0
TPN-270223,RCP-047039,"Nappanee City, IN",Indiana,"Tier 5.  Metropolitan cities and counties with a population below 250,000 residents which received less than $10 million in SLFRF funding",Local Government,Completed less than 50%,Nappanee Fire Station,6-Revenue Replacement,6.1-Provision of Government Services,Construction of new fire station.,"$128,737","$128,737"
TPN-283733,RCP-046937,"Frankfort City, IN",Indiana,"Tier 5.  Metropolitan cities and counties with a population below 250,000 residents which received less than $10 million in SLFRF funding",Local Government,Completed,Fire Station,6-Revenue Replacement,6.1-Provision of Government Services,Architectural and pre-construction services for new fire station.,"$250,941","$250,941"
TPN-117914,RCP-040310,"Johnson County, Indiana",Indiana,"Tier 2.  Metropolitan cities and counties with a population below 250,000 residents that are allocated more than $10 million in SLFRF funding, and NEUs that are allocated more than $10 million in SLFRF funding",Local Government,Completed 50% or more,Mental Health Facility Design,6-Revenue Replacement,6.1-Provision of Government Services,Design costs for new mental health facility in Johnson County.,"$544,364","$544,364"
TPN-267250,RCP-055658,"Coulter City Of, IA",Iowa,"Tier 5.  Metropolitan cities and counties with a population below 250,000 residents which received less than $10 million in SLFRF funding",Local Government,,Fire Station,6-Revenue Replacement,6.1-Provision of Government Services,New Fire Station,"$39,325","$39,325"
TPN-149588,RCP-055258,"Fairfield City Of, IA",Iowa,"Tier 5.  Metropolitan cities and counties with a population below 250,000 residents which received less than $10 million in SLFRF funding",Local Government,Completed less than 50%,Fire Station,6-Revenue Replacement,6.1-Provision of Government Services,Building a new fire station which will also house the Emergency Services Coordinator.,"$1,308,777","$4,003"
TPN-206333,RCP-055689,"North Liberty City Of, IA",Iowa,"Tier 5.  Metropolitan cities and counties with a population below 250,000 residents which received less than $10 million in SLFRF funding",Local Government,Completed,DVIP Building Fund,6-Revenue Replacement,6.1-Provision of Government Services,Contribution toward the construction of a new shelter for the Domestic Violence Intervention Project.  The City would have typically used social service funding to make this contribution.,"$25,000","$25,000"
TPN-291551,RCP-055481,"Martinsburg City Of, IA",Iowa,"Tier 5.  Metropolitan cities and counties with a population below 250,000 residents which received less than $10 million in SLFRF funding",Local Government,,New City Hall,6-Revenue Replacement,6.1-Provision of Government Services,New City Hall,"$16,298","$16,298"
TPN-077133,RCP-039467,"Dubuque, Iowa",Iowa,"Tier 2.  Metropolitan cities and counties with a population below 250,000 residents that are allocated more than $10 million in SLFRF funding, and NEUs that are allocated more than $10 million in SLFRF funding",Local Government,Completed,Field of Dreams,6-Revenue Replacement,6.1-Provision of Government Services,Contribution to Travel Dubuque for portion of the new stadium to be built at the Field of Dreams.,"$1,000,000","$1,000,000"
TPN-139796,RCP-036073,"Wichita City, Kansas",Kansas,"Tier 1. States, U.S. territories, metropolitan cities and counties with a population that exceeds 250,000 residents",Local Government,Completed,Patrol East Police Station,6-Revenue Replacement,6.1-Provision of Government Services,"Project is for replacement of one of two Police stations with ARPA funds.  The Wichita Police Department currently operates from four police stations, which were opened over 30 years ago.  Due to increased staffing levels, all stations exceed capacity, particularly when social distancing measures are considered.  \n\nOne of the criteria used to determine the site selection of the next Patrol East station considered the neighborhood impact a new station would have. The goal is that the presence of a new police station will improve the perception of safety within this underserved neighborhood.","$9,578,885","$9,578,885"
TPN-039712,RCP-036070,"Lexington-Fayette Urban County, Kentucky",Kentucky,"Tier 1. States, U.S. territories, metropolitan cities and counties with a population that exceeds 250,000 residents",Local Government,Completed,Village Branch Library Construction - Lexington Public Library,2-Negative Economic Impacts,2.22-Strong Healthy Communities: Neighborhood Features that Promote Health and Safety,"The $1 million allocation partially funded a new public library facility along a major corridor in Lexington. This ARPA allocation was used for construction of the new facility.  \n\nThe neighborhood surrounding the new Library is approximately 40% Latinx, 30% Black American, and 30% White (according to US Census), making it one of Lexington's most racially and culturally diverse areas.  Lexington Public Library is committed to equity in all areas, offering free resources to everyone who lives or works in Fayette County.  In developing the new library facility here, we will deliver additional resources for residents within this Qualified Census Tract.  Plans call for a dedicated classroom and hands-on learning space both of which will support school-aged and adult learning.  Computers, internet, technology, and reading materials all support economic development by providing library customers with information and resources they need to succeed.  While all Lexington residents will benefit from this new facility, it will especially benefit those within the Cardinal Valley/Versailles Road area.\n\nDue to portal changes regarding validation of obligations within a period, an adjustment was made in Q4 2023 removing expenditures that were included in obligations of previous quarters.","$1,000,000","$1,000,000"
TPN-278532,RCP-015265,Midway city,Kentucky,"Tier 5.  Metropolitan cities and counties with a population below 250,000 residents which received less than $10 million in SLFRF funding",Local Government,,New EMS Station,6-Revenue Replacement,6.1-Provision of Government Services,"New EMS station was necessary, so all ARPA funds were moved to help cover the cost","$496,093","$496,093"
TPN-276368,RCP-036740,"Grayson County, KY",Kentucky,"Tier 5.  Metropolitan cities and counties with a population below 250,000 residents which received less than $10 million in SLFRF funding",Local Government,Completed,EMS BUILDING,6-Revenue Replacement,6.1-Provision of Government Services,"COUNTY USED $24,375.86 TO BUILD A NEW EMS BUILDING.","$24,376","$24,376"
TPN-271630,RCP-039775,"Meade County, KY",Kentucky,"Tier 5.  Metropolitan cities and counties with a population below 250,000 residents which received less than $10 million in SLFRF funding",Local Government,Completed 50% or more,Animal Shelter,6-Revenue Replacement,6.1-Provision of Government Services,This project is for construction of a new animal shelter including dirt work and design.   This project will be located in the county and easily accessible to the public.  This project will be larger and hold more animals in a climiate control setting.  This project will have rooms for community participation.  The animal shelter is run by Meade County Fiscal Court.,"$392,225","$337,995"
TPN-129332,RCP-015290,North Middletown city,Kentucky,"Tier 5.  Metropolitan cities and counties with a population below 250,000 residents which received less than $10 million in SLFRF funding",Local Government,Completed less than 50%,N Middletown Fire Station,6-Revenue Replacement,6.1-Provision of Government Services,Funds obligated to help fund construction of new fire station.,"$157,890","$14,025"
TPN-283525,RCP-053102,"Boyle County,",Kentucky,"Tier 5.  Metropolitan cities and counties with a population below 250,000 residents which received less than $10 million in SLFRF funding",Local Government,,Boyle County Fire Department,6-Revenue Replacement,6.1-Provision of Government Services,"The County used its ARPA funds to develop a new fire station in an un-served area known as ""Station No. 9.""  The project provided new service to residents that previously did not have fire service.  It also served a state prison that previously did not have fire service.","$350,000","$350,000"
TPN-141700,RCP-038760,"Hopkins County, KY",Kentucky,"Tier 5.  Metropolitan cities and counties with a population below 250,000 residents which received less than $10 million in SLFRF funding",Local Government,Completed,Nebo Fire Department Building,1-Public Health,1.14-Other Public Health Services,"We provided the Nebo Fire Department with the funds necessary to construct a new building, which will replace its aging one.","$100,000","$100,000"
TPN-218803,RCP-039491,"Whitley County, KY",Kentucky,"Tier 5.  Metropolitan cities and counties with a population below 250,000 residents which received less than $10 million in SLFRF funding",Local Government,Completed,Revenue Replacement - Fairgrounds Shelter,6-Revenue Replacement,6.1-Provision of Government Services,The construction of a new shelter structure to be built at the Whitley County Fairgrounds to provide enhanced recreational facilities for County residents and administrative and legal expenses.,"$269,927","$269,927"
TPN-254502,RCP-039602,"Madison County, Kentucky",Kentucky,"Tier 2.  Metropolitan cities and counties with a population below 250,000 residents that are allocated more than $10 million in SLFRF funding, and NEUs that are allocated more than $10 million in SLFRF funding",Local Government,Not Started,Fire Station,1-Public Health,1.14-Other Public Health Services,"The construction of a new fire station in Northern Madison County is a critical investment in public safety and infrastructure that aligns directly with the goals of the American Rescue Plan Act (ARPA). This proposal should address urgent needs in the region, strengthen community resilience, and provide lasting benefits to residents.\n\nSouthern Madison Water District's project came in under budget.  Accordingly, the County re-allocated money from Southern Madison Water District to fund its fire station construction project.  Both projects were fully obligated prior to December 31, 2024.","$2,390,400",$0
TPN-138347,RCP-039775,"Meade County, KY",Kentucky,"Tier 5.  Metropolitan cities and counties with a population below 250,000 residents which received less than $10 million in SLFRF funding",Local Government,Completed,EMS Station #3,6-Revenue Replacement,6.1-Provision of Government Services,This project designed and built a new EMS Station for the citizens of Meade County and purchased and installed necessary appliances and septic tank and pump.  The project also included the purchase and installation of a bronze plaque commemorating the project. The station will provide ambulance coverage 24/7 along with full-time EMT and Paramedics.,"$740,388","$740,388"
TPN-130619,RCP-015396,Villa Hills city,Kentucky,"Tier 5.  Metropolitan cities and counties with a population below 250,000 residents which received less than $10 million in SLFRF funding",Local Government,Completed,Firehouse,6-Revenue Replacement,6.1-Provision of Government Services,Funds used to pay for cost overruns caused by COVID related supply chain and labor issues during the construction of a new firehouse to provide fire and emergency medical services to the residents and business of Villa Hills.,"$1,100,000","$1,100,000"
TPN-284889,RCP-006739,"Creola, LA",Louisiana,"Tier 5.  Metropolitan cities and counties with a population below 250,000 residents which received less than $10 million in SLFRF funding",Local Government,Completed,Construction of Municipal Building,6-Revenue Replacement,6.1-Provision of Government Services,"Construction of a new municipal building for the Village of Creola town hall. This building houses the Mayor's office, Town Clerk's office, Police Department, and meeting room for council meetings and Mayor's court.","$84,093","$84,093"
TPN-042232,RCP-007015,"Ruston, LA",Louisiana,"Tier 5.  Metropolitan cities and counties with a population below 250,000 residents which received less than $10 million in SLFRF funding",Local Government,Completed 50% or more,FIRE STATION #2,6-Revenue Replacement,6.1-Provision of Government Services,CONSTRUCTION OF NEW FIRE STATION TO REPLACE EXISTING OBSOLETE STATION IN RAPIDLY GROWING AREA OF THE CITY OF RUSTON.,"$4,121,188","$2,675,208"
TPN-286969,RCP-007005,"Reeves, LA",Louisiana,"Tier 5.  Metropolitan cities and counties with a population below 250,000 residents which received less than $10 million in SLFRF funding",Local Government,,Town Hall/Police Department,6-Revenue Replacement,6.1-Provision of Government Services,Construction for the new town hall and police department.,"$24,380","$24,380"
TPN-275837,RCP-006771,"Florien, LA",Louisiana,"Tier 5.  Metropolitan cities and counties with a population below 250,000 residents which received less than $10 million in SLFRF funding",Local Government,Not Started,Village of Florien New Town Hall,10-Title I,10.24-Construction or improvement of tornado-safe-shelters and assistance to nonprofit and for-profit entities for such construction or improvement,"Construct a New Town Hall which will contain offices for public officials and staff, as well as offices for the Public Works Department.  The facility will contain a ""safe room"" serving as a Communication and Emergency Operations Center designed in accordance with FEMA-P361. A separate area will be designated for the Utility Department along with an area to hold town meetings. Adequate space will be provided for proper storage of relevant documents, and the facility will contain a warming kitchen to accommodate food service.  This project will be designed to comply with ADA accessibility guidelines, and the facility will conform to the current state building codes, other applicable codes, requirements, and regulations.","$221,902",$0
TPN-250670,RCP-035885,"Howard County, Maryland",Maryland,"Tier 1. States, U.S. territories, metropolitan cities and counties with a population that exceeds 250,000 residents",Local Government,Not Started,Emergency Shelter Facility at Lynn Buff Court,2-Negative Economic Impacts,2.2-Household Assistance: Rent Mortgage and Utility Aid,"Howard County plans to use State and Local Fiscal Recovery Funds (SLFRF) funding for the construction of a night-by-night non-congregate emergency shelter. The shelter will be built at 9530 Lynn Buff Court in Laurel, MD, and will have 20 rooms, each with a private bathroom, and will provide a safe sleeping space for unsheltered individuals. Currently, there is only one emergency shelter in the County and the construction of the new Emergency Shelter will expand the capacity to serve the growing unhoused population. \nThe Bureau of Facilities of the County\u2019s Department of Public Works is spearheading this project and will oversee the construction of the emergency shelter building.\n\nIntended Outcomes\n\u2022\tTo increase the number of beds available to the unhoused population.\n\u2022\tTo have multiple night-by-night Emergency Shelters in Howard County.","$2,321,077",$0
TPN-184491,RCP-036189,Commonwealth Of Massachusetts,Massachusetts,"Tier 1. States, U.S. territories, metropolitan cities and counties with a population that exceeds 250,000 residents",State/DC,Cancelled,Boston Centers for Youth & Families,6-Revenue Replacement,6.1-Provision of Government Services,Massachusetts has allocated $20 million to Boston Centers for Youth & Families for constructing a new community center in Boston.,$0,$0
TPN-233480,RCP-037517,"Brockton, Massachusetts",Massachusetts,"Tier 2.  Metropolitan cities and counties with a population below 250,000 residents that are allocated more than $10 million in SLFRF funding, and NEUs that are allocated more than $10 million in SLFRF funding",Local Government,Completed less than 50%,Public Safety Building Emergency Operations Center,3-Public Health-Negative Economic Impact: Public Sector Capacity,3.4-Public Sector Capacity: Effective Service Delivery,"The Brockton Emergency Operations Center (EOC) is a component of the City's new Public Safety Building, which is expected to be complete in August 2025. The EOC addresses multiple areas of need in Brockton by combining the operations of the Police, Fire, IT,  and Emergency Management departments. The current location of Brockton's existing EOC is inadequate to handle local disaster response.","$697,231","$229,237"
TPN-122418,RCP-031351,"Greenfield, MA",Massachusetts,"Tier 5.  Metropolitan cities and counties with a population below 250,000 residents which received less than $10 million in SLFRF funding",Local Government,Completed,Fire Station Build,6-Revenue Replacement,6.1-Provision of Government Services,Building a new fire station for the City of Greenfield to improve the service level and modernization of facilities and services.,"$2,000,000","$2,000,000"
TPN-219397,RCP-039187,"Somerville, Massachusetts",Massachusetts,"Tier 2.  Metropolitan cities and counties with a population below 250,000 residents that are allocated more than $10 million in SLFRF funding, and NEUs that are allocated more than $10 million in SLFRF funding",Local Government,Completed 50% or more,ASQ Fire,6-Revenue Replacement,6.1-Provision of Government Services,"The City needs to build a new fire station in the Assembly Square area as a result of the massive amount of development that has occurred in that area in recent years. This project will provide funding for building that fire station sooner than otherwise would be possible. The City has a responsibility to provide safe and comfortable space for its firefighters, as they are on the front lines of emergency response throughout the City.","$1,958,111","$1,945,527"
TPN-197169,RCP-031555,"Wilmington, MA",Massachusetts,"Tier 5.  Metropolitan cities and counties with a population below 250,000 residents which received less than $10 million in SLFRF funding",Local Government,Completed,Senior Center Building Project,6-Revenue Replacement,6.1-Provision of Government Services,This project is the ARPA portion of the new Senior Center being built.,"$1,800,000","$1,800,000"
TPN-144322,RCP-031469,"Richmond, MA",Massachusetts,"Tier 5.  Metropolitan cities and counties with a population below 250,000 residents which received less than $10 million in SLFRF funding",Local Government,,Town Hall/Library Building,6-Revenue Replacement,6.1-Provision of Government Services,To help pay for portion of new construction of new Town Hall/Library building.,"$287,350","$287,350"
TPN-207908,RCP-003455,"Ray Township, MI",Michigan,"Tier 5.  Metropolitan cities and counties with a population below 250,000 residents which received less than $10 million in SLFRF funding",Local Government,Completed less than 50%,Fire Station,6-Revenue Replacement,6.1-Provision of Government Services,Costs incurred in preparing and building the new fire station. There are a lot of fees that have gone into the planning and beginning stages of the project including putting the driveway in during last reporting year.,"$426,555","$426,555"
TPN-273823,RCP-014036,"Claybanks Township, MI",Michigan,"Tier 5.  Metropolitan cities and counties with a population below 250,000 residents which received less than $10 million in SLFRF funding",Local Government,,Town Hall,6-Revenue Replacement,6.1-Provision of Government Services,new town hall construction,"$81,549","$20,000"
TPN-203568,RCP-013935,"Village Of Constantine, MI",Michigan,"Tier 5.  Metropolitan cities and counties with a population below 250,000 residents which received less than $10 million in SLFRF funding",Local Government,Not Started,Fire Station,6-Revenue Replacement,6.1-Provision of Government Services,The project consists of demolishing a structure on the site of the new fire station and then to demolish the existing fire station after construction of the new fire station.,"$62,467",$0
TPN-142574,RCP-004187,"Grand Blanc Charter Township, MI",Michigan,"Tier 5.  Metropolitan cities and counties with a population below 250,000 residents which received less than $10 million in SLFRF funding",Local Government,Completed less than 50%,Fire Station #1 Project,6-Revenue Replacement,6.1-Provision of Government Services,Build new Fire Station on the municipal campus to better serve the residents of the community.,"$1,294,168","$791,895"
TPN-148644,RCP-014172,"Oxford Charter Township, MI",Michigan,"Tier 5.  Metropolitan cities and counties with a population below 250,000 residents which received less than $10 million in SLFRF funding",Local Government,Completed,Fire Station #3,6-Revenue Replacement,6.1-Provision of Government Services,"These funds were used for preliminary work to help construct a new fire station in Oxford Township. Currently, the township has two fire stations: One located near the center of town while the other is located west of town. This new fire station will be located north of town.","$418,946","$418,946"
TPN-195451,RCP-027368,"Alberta Township, MN",Minnesota,"Tier 5.  Metropolitan cities and counties with a population below 250,000 residents which received less than $10 million in SLFRF funding",Local Government,,Town Hall,6-Revenue Replacement,6.1-Provision of Government Services,Construction of new town hall and equipment storage.,"$91,552","$91,552"
TPN-057493,RCP-004624,"Homer Township, MN",Minnesota,"Tier 5.  Metropolitan cities and counties with a population below 250,000 residents which received less than $10 million in SLFRF funding",Local Government,Cancelled,New Building,6-Revenue Replacement,6.1-Provision of Government Services,Allocate SLFRF funds towards construction of a new town hall building,$0,$0
TPN-105523,RCP-036149,"Dakota County, Minnesota",Minnesota,"Tier 1. States, U.S. territories, metropolitan cities and counties with a population that exceeds 250,000 residents",Local Government,Completed 50% or more,South St Paul Library,2-Negative Economic Impacts,2.37-Economic Impact Assistance: Other,"The library construction project will create the County\u2019s tenth branch library location at at 131 7th Ave. N. within the City of South St. Paul.  The 16,100 square foot building has the support of local stakeholders. It will include meeting rooms, workspaces and technology not available at the almost 100-year old library which it will replace.  The new building will improve access to services for a community that is on average lower income and more diverse than the county and the state as a whole.  The services the library will offer will greatly benefit the residents of South St. Paul, all of Dakota County, and surrounding areas.  This new library, part of the Dakota County Library system, will respond to critical needs in the community, including in the areas of health care, employment, and workforce development.  The new building will also provide public access to the internet for purposes including work, education, and health monitoring.  Design began in August of 2021 and will continue with administrative support through construction.  Construction began on September 29th, 2022 and will conclude into late 2023.  Internal fit out and collection installation will occur in early 2024 with a Q1-24 public opening.","$10,470,499","$9,456,583"
TPN-211267,RCP-027404,"Twin Lakes Township, MN",Minnesota,"Tier 5.  Metropolitan cities and counties with a population below 250,000 residents which received less than $10 million in SLFRF funding",Local Government,Completed,Twin Lakes Town Hall,6-Revenue Replacement,6.1-Provision of Government Services,Construction of a new town hall building to provide goverment services.,"$239,110","$239,110"
TPN-053574,RCP-004590,"Folden Township, MN",Minnesota,"Tier 5.  Metropolitan cities and counties with a population below 250,000 residents which received less than $10 million in SLFRF funding",Local Government,Completed,New town hall,6-Revenue Replacement,6.1-Provision of Government Services,Town board approved ARPA money to be spent on building a new town hall building.,"$32,785","$32,785"
TPN-057436,RCP-037286,"Steele County, MN",Minnesota,"Tier 5.  Metropolitan cities and counties with a population below 250,000 residents which received less than $10 million in SLFRF funding",Local Government,Completed,Community Corrections Building Addition,6-Revenue Replacement,6.1-Provision of Government Services,The Board approved to build a new building next to the County Attorney's building to house the Community Corrections department for better efficiency.,"$2,650,000","$2,650,000"
TPN-238273,RCP-037742,"Lafayette County, Mississippi",Mississippi,"Tier 2.  Metropolitan cities and counties with a population below 250,000 residents that are allocated more than $10 million in SLFRF funding, and NEUs that are allocated more than $10 million in SLFRF funding",Local Government,Completed,Animal Shelter,6-Revenue Replacement,6.1-Provision of Government Services,Construction of new animal shelter,"$350,000","$350,000"
TPN-099701,RCP-036080,"County Of Greene, Missouri",Missouri,"Tier 1. States, U.S. territories, metropolitan cities and counties with a population that exceeds 250,000 residents",Local Government,Completed,Ozark Empire Fair New Arena & Youth Education Center,6-Revenue Replacement,6.1-Provision of Government Services,"The Ozark Empire Fairgrounds New Arena and Youth Agricultural Education center will serve people in Greene County and throughout the Ozarks by offering a space for entertainment, events, community organizations, youth organizations, sporting events, and educational opportunities. The center will include a seating capacity of 6,200, restaurant and large meeting area, 93,000 square foot arena, and a 30,000 square foot lower-level Youth Education Center. Further, the center provides an enhanced space for crisis responses and community outreach. Previously, OEFEC has provided their facilities for COVID-19 vaccinations and testing.\n\tThe construction of the new facility will provide jobs for people working in a variety of different sectors. Further, the arena will create additional employment for the local workforce due to the need for employees to help with its operations. Currently, OEFEC hosts hundreds of events annually, infusing millions of dollars into the economy. Once completed, this project will boost revenues in the economy by hosting trade shows, indoor winter events, indoor festivals, livestock shows, motorsports, roller derbies, and rodeos.  Funding will go toward the portion of construction for youth education, emergency crisis response, and community meeting spaces.  These funds are coming from the County's loss revenue designation because this recipient serves the County's underserved rural population. \nClose to 42% of the County's population resides outside of Springfield, MO.","$5,000,000","$5,000,000"
TPN-140200,RCP-054109,"Hunnewell City, MO",Missouri,"Tier 5.  Metropolitan cities and counties with a population below 250,000 residents which received less than $10 million in SLFRF funding",Local Government,Completed,Provision of Government Services,6-Revenue Replacement,6.1-Provision of Government Services,A new city hall facility.,"$35,245","$35,245"
TPN-203570,RCP-054287,"Calhoun City, MO",Missouri,"Tier 5.  Metropolitan cities and counties with a population below 250,000 residents which received less than $10 million in SLFRF funding",Local Government,Completed,New City Hall,6-Revenue Replacement,6.1-Provision of Government Services,Revenue Replacement 6.1 - Construction of a New City Hall to provide all governmental services performed by the City of Calhoun.,"$34,798","$34,798"
TPN-200057,RCP-036113,"St Joseph, Missouri",Missouri,"Tier 2.  Metropolitan cities and counties with a population below 250,000 residents that are allocated more than $10 million in SLFRF funding, and NEUs that are allocated more than $10 million in SLFRF funding",Local Government,Completed,Hillyards,2-Negative Economic Impacts,2.32-Business Incubators and Start-Up or Expansion Assistance,Construction of new building to increase the education and training capacity at Hillyard Technical Center.  The facility allows student to cross train on different aspects of manufacturing in current manufacturing environments.  It will allow an expansion of Health Care programs to address the shortage of students entering the health care professions.  It also offers the opportunity to unemployed/underemployed to train and improve skills to advance in careers.,"$813,052","$813,052"
TPN-051713,RCP-054046,"Ballwin City, MO",Missouri,"Tier 5.  Metropolitan cities and counties with a population below 250,000 residents which received less than $10 million in SLFRF funding",Local Government,Completed,Ballwin Police Station,6-Revenue Replacement,6.1-Provision of Government Services,"The City is constructing a new police station to provide policing services to its population of 31,103 and the neighboring city of Winchester's population of 1,447 which is serviced under a contractual agreement.    The current building has structural deficiencies, outdated systems and an unsafe sally port. The new building will facilitate more efficient operations, better protection for equipment and serve as an emergency operations center.","$6,128,606","$6,128,606"
TPN-213348,RCP-054197,"Frankford City, MO",Missouri,"Tier 5.  Metropolitan cities and counties with a population below 250,000 residents which received less than $10 million in SLFRF funding",Local Government,Completed 50% or more,New City Hall,6-Revenue Replacement,6.1-Provision of Government Services,New City Hall,"$48,503","$21,697"
TPN-166551,RCP-036451,State Of Missouri,Missouri,"Tier 1. States, U.S. territories, metropolitan cities and counties with a population that exceeds 250,000 residents",State/DC,Cancelled,City of North Kansas City Aerial Park,2-Negative Economic Impacts,2.35-Aid to Tourism Travel or Hospitality,The proposed project includes construction of a 3198947 Aerial Park and Zip Line course at the One North Redevelopment Area in North Kansas City This facility will include a newly constructed building for equipment storage ticket sales and administration Additionally the project plans entail a modular wooden tower or steel structured aerial park with 45  65 elements spanning over three levels as well as parallel zip lines spanning approximately 300 ft in length,$0,$0
TPN-238797,RCP-036113,"St Joseph, Missouri",Missouri,"Tier 2.  Metropolitan cities and counties with a population below 250,000 residents that are allocated more than $10 million in SLFRF funding, and NEUs that are allocated more than $10 million in SLFRF funding",Local Government,Completed,Hillyards C,2-Negative Economic Impacts,2.32-Business Incubators and Start-Up or Expansion Assistance,Construction of new building to increase the education and training capacity at Hillyard Technical Center  The facility allows student to cross train on different aspects of manufacturing in current manufacturing environments  It will allow an expansion of Health Care programs to address the shortage of students entering the health care professions  It also offers the opportunity to unemployedunderemployed to train and improve skills to advance in careers,"$404,255","$404,255"
TPN-252181,RCP-036113,"St Joseph, Missouri",Missouri,"Tier 2.  Metropolitan cities and counties with a population below 250,000 residents that are allocated more than $10 million in SLFRF funding, and NEUs that are allocated more than $10 million in SLFRF funding",Local Government,Not Started,Animal Shelter Cages,6-Revenue Replacement,6.1-Provision of Government Services,"The City of St. Joseph is in the process of building a new Animal Shelter to replace a dated facility that is undersized for the programs and services currently performed there. The existing facility is deteriorating and in need of costly updates, upgrades, and development, and is located on a smaller-sized lot which prohibits adequate facility expansion. The new shelter will provide the citizens of St. Joseph better accessibility to the programs and services offered by the Animal Control & Rescue division within a modernized facility and at a convenient location. Shelter staff will be able to offer enhanced services in order to address community needs and ensure the health, safety, and wellbeing of animals in need within the community by providing enhanced treatment, care, and sheltering within a suitable environment","$158,052",$0
TPN-190933,RCP-038588,"Franklin County, Missouri",Missouri,"Tier 2.  Metropolitan cities and counties with a population below 250,000 residents that are allocated more than $10 million in SLFRF funding, and NEUs that are allocated more than $10 million in SLFRF funding",Local Government,Completed,New Haven Ambulance District,3-Public Health-Negative Economic Impact: Public Sector Capacity,3.4-Public Sector Capacity: Effective Service Delivery,Construction of a new ambulance building to allow the New Haven Ambulance District to continue providing the highest level of emergency medical services by housing larger and more modern emergency response vehicles and providing an Emergency Operations Center.,"$1,050,000","$240,232"
TPN-177785,RCP-036451,State Of Missouri,Missouri,"Tier 1. States, U.S. territories, metropolitan cities and counties with a population that exceeds 250,000 residents",State/DC,Completed,Springfield Public School Ag & Youth Education Center at Empire Fairgrounds,6-Revenue Replacement,6.1-Provision of Government Services,These fairgrounds provide yearround entertainment education and serve as an event venue that can be rented. The fairgrounds hosts events such as youth educational programs charity fundraisers youth archery tournaments livestock shows community expos business showcases and festivals.  The fairgrounds is seeking to build a new arena onsite. The estimated total cost is $12M$15M. The arena will seat 28006800 guests and features a 93000 sq. ft. arena a 20000 sq. ft. lower level youth ag education center concessions and a catered mezzanine.  The Ozark Empire Fair Foundation appears to also be fund raising to support the costs of construction. The GA categorized this as Revenue Replacement.,"$10,000,000","$10,000,000"
TPN-250312,RCP-035935,"Clay County, Missouri",Missouri,"Tier 2.  Metropolitan cities and counties with a population below 250,000 residents that are allocated more than $10 million in SLFRF funding, and NEUs that are allocated more than $10 million in SLFRF funding",Local Government,Completed less than 50%,Transition Facility,1-Public Health,1.12-Mental Health Services,The County Juvenile Department provides supervised visitation services for separated families as part of family court and other court rulings.  These services assist with the behavioral health of all parties involved and potentially reduce violence or further problems to society. Previously the County used an historic house for the program. It is in disrepair and unsafe to use any further.  This project is to therefore construct a new facility on County property. It includes child-friendly facilities to facilitate the visits.,"$625,000","$441,105"
TPN-187066,RCP-036113,"St Joseph, Missouri",Missouri,"Tier 2.  Metropolitan cities and counties with a population below 250,000 residents that are allocated more than $10 million in SLFRF funding, and NEUs that are allocated more than $10 million in SLFRF funding",Local Government,Completed,Hillyards,2-Negative Economic Impacts,2.32-Business Incubators and Start-Up or Expansion Assistance,Construction of new building to increase the education and training capacity at Hillyard Technical Center.  The facility allows student to cross train on different aspects of manufacturing in current manufacturing environments.  It will allow an expansion of Health Care programs to address the shortage of students entering the health care professions.  It also offers the opportunity to unemployed/underemployed to train and improve skills to advance in careers.,"$1,032,693","$1,032,693"
TPN-166177,RCP-036451,State Of Missouri,Missouri,"Tier 1. States, U.S. territories, metropolitan cities and counties with a population that exceeds 250,000 residents",State/DC,Completed,Missouri Area Career Center Opportunities O6426,6-Revenue Replacement,6.1-Provision of Government Services,State Fair Community Colleges Center for Advanced Agriculture and Transportation Technology will expand training programs and certifications in a newly constructed facility that prepares technicians for the agriculture and transportation industries The new construction and new additional equipment will provide drive in classrooms simulation labs and laboratory spaces for new and expanded programs in ag mechanics precision agriculture transportation logistics diesel technology ASE accredited automotive technology alternative future fuels and material handling equipment technologies  The new facility and added programs will complement State Fair Community Colleges intended ag program expansion of a two hundred acre farm  In addition the new Center will support the transportation and logistics needs of area manufacturers such as Nucor Gardner Denver WireCo Stanley Black and Decker and distribution centers  The project will be located adjacent to the Potter Ewing Ag building Along with the newly constructed Olen Howard Workforce Innovation Center and Fielding Technical Center Renovations the addition would complete nearly all of the career and technical education facility needs identified in the colleges master plan,"$400,000","$400,000"
TPN-175832,RCP-039045,"Gallatin County, Montana",Montana,"Tier 2.  Metropolitan cities and counties with a population below 250,000 residents that are allocated more than $10 million in SLFRF funding, and NEUs that are allocated more than $10 million in SLFRF funding",Local Government,Completed 50% or more,Human Resource Development Council (HRDC) -Homeward Point,2-Negative Economic Impacts,2.16-Long-Term Housing Security: Services for Unhoused persons,"The project concerns construction of a 29,725 square foot building that will serve as the new emergency shelter and programming offices for services provided by HRDC.","$2,250,000","$2,250,000"
TPN-167060,RCP-039126,"Cascade County, Montana",Montana,"Tier 2.  Metropolitan cities and counties with a population below 250,000 residents that are allocated more than $10 million in SLFRF funding, and NEUs that are allocated more than $10 million in SLFRF funding",Local Government,Completed 50% or more,Building of an evidence processing building,6-Revenue Replacement,6.1-Provision of Government Services,Design and construction of a new evidence processing and storage building at the Sheriff's Office.,"$1,500,000","$1,098,682"
TPN-143723,RCP-035915,State Of New Hampshire,New Hampshire,"Tier 1. States, U.S. territories, metropolitan cities and counties with a population that exceeds 250,000 residents",State/DC,Cancelled,Capital Defrayment to SolutionHealth,1-Public Health,1.12-Mental Health Services,"""This grant agreement will provide SolutionHealth with financial support to cover up to 40% of costs of construction of a new behavioral health facility that will significantly improve access to acute behavioral health services for New Hampshire residents requiring such services. The facility will yield a statewide net increase of 81 inpatient psychiatric beds for pediatric, adult, and geriatric patients and be equipped to prioritize involuntary admissions.""",$0,$0
TPN-176294,RCP-036120,"Rockingham County, New Hampshire",New Hampshire,"Tier 1. States, U.S. territories, metropolitan cities and counties with a population that exceeds 250,000 residents",Local Government,Completed 50% or more,New Municipal Building,6-Revenue Replacement,6.1-Provision of Government Services,"Part of Revenue Replacement funds dedicated towards the construction of a new municipal building, which will include the following:\n1. Relocation of the overcrowded (especially the Dispatch Center) Sheriff's Office to a proper location.\n2. Relocation of the County Attorney's Office, where there is severe overcrowding, notably with the County Attorneys' offices (2-3 per small office).\n3. Relocation of the Registry of Deeds - there have been severe mold, sceptic and other water and HVAC issues at the State-owned courthouse where this department (and County Attorney's Office) is located.\n4. A new Community Corrections facility that will provide 90-day inhouse treatment for Mental Health and Substance Abuse services.\nCosts incurred to this project shall be for labor and some of the materials associated with the project.  The adopted budget and other figures increased after the 2023 lost revenue calculation was completed.","$25,863,088","$25,863,088"
TPN-183726,RCP-040249,"Warren County, New Jersey",New Jersey,"Tier 2.  Metropolitan cities and counties with a population below 250,000 residents that are allocated more than $10 million in SLFRF funding, and NEUs that are allocated more than $10 million in SLFRF funding",Local Government,Completed,Construction of  a New Human Services Building,6-Revenue Replacement,6.1-Provision of Government Services,This project will provide partial funding of a construction of new Human Services building.,"$2,988,266","$2,988,266"
TPN-127415,RCP-040676,"Borough Of Bergenfield, NJ",New Jersey,"Tier 5.  Metropolitan cities and counties with a population below 250,000 residents which received less than $10 million in SLFRF funding",Local Government,Completed,New Municipal Building,6-Revenue Replacement,6.1-Provision of Government Services,"The borough is in the process of building a new municipal building and will utilize the revenue replacement provision to  offset the cost of HVAC units, no touch plumbing fixtures, installation of glass barriers and to offset the overall construction costs.","$1,432,184","$1,432,184"
TPN-195034,RCP-039031,"Valencia County, New Mexico",New Mexico,"Tier 2.  Metropolitan cities and counties with a population below 250,000 residents that are allocated more than $10 million in SLFRF funding, and NEUs that are allocated more than $10 million in SLFRF funding",Local Government,Completed 50% or more,Valencia County Sheriff's Office - Evidence/Training Room,6-Revenue Replacement,6.1-Provision of Government Services,"Valencia County will use ARPA funding to assist with the planning, design and construction of a new evidence room/training facility to establish quarterly training to deputies on COVID-19 updates and safety protocols.","$705,754","$705,754"
TPN-155951,RCP-048915,"Anthony City, NM",New Mexico,"Tier 5.  Metropolitan cities and counties with a population below 250,000 residents which received less than $10 million in SLFRF funding",Local Government,Completed,El Paso Electric Overhead Electric Services on New community Center at 1150 4th,7-Administrative,7.1-Administrative Expenses,El Paso Electric Overhead Electric Services on New community Center at 1150 4th street,"$13,666","$13,666"
TPN-142244,RCP-000962,"San Miguel County,",New Mexico,"Tier 5.  Metropolitan cities and counties with a population below 250,000 residents which received less than $10 million in SLFRF funding",Local Government,Cancelled,Tecolotito Fire Station,1-Public Health,1.14-Other Public Health Services,"This project will help fund a new fire station in Tecolotito, which currently doesn't have one.",$0,$0
TPN-224944,RCP-024980,"Town Of Saugerties, NY",New York,"Tier 5.  Metropolitan cities and counties with a population below 250,000 residents which received less than $10 million in SLFRF funding",Local Government,Completed,Animal Shelter,6-Revenue Replacement,6.1-Provision of Government Services,Funds for new Animal Shelter building construction,"$50,000","$50,000"
TPN-287624,RCP-025021,"Village Of Cambridge, NY",New York,"Tier 5.  Metropolitan cities and counties with a population below 250,000 residents which received less than $10 million in SLFRF funding",Local Government,,Firehouse Construction Support,6-Revenue Replacement,6.1-Provision of Government Services,"The Village of Cambridge used SLFRF funds to partially support the construction of a new firehouse facility. The project addressed critical public safety needs by replacing an aging, substandard structure with a modern, compliant building. Funds were used for site preparation, materials procurement, and construction costs directly associated with government services under SLFRF guidance.","$155,640","$155,640"
TPN-255980,RCP-035872,"Onondaga County, New York",New York,"Tier 1. States, U.S. territories, metropolitan cities and counties with a population that exceeds 250,000 residents",Local Government,Completed,Aquarium,6-Revenue Replacement,6.1-Provision of Government Services,"The Onondaga County Aquarium will be a state-of-the-art facility located on the bank of the Syracuse Inner Harbor. This approximately 76,000 sq ft facility will hold up to 550,000 gallons of water to showcase 21 signature exhibits and 9-10 jewel tanks. The saltwater and freshwater exhibits will be interactive, educational, and entertaining.","$6,616,643","$6,616,643"
TPN-291032,RCP-024823,"Town Of Lodi, NY",New York,"Tier 5.  Metropolitan cities and counties with a population below 250,000 residents which received less than $10 million in SLFRF funding",Local Government,Completed,New Town Hall & Food Pantry,6-Revenue Replacement,6.1-Provision of Government Services,Construct New Town Hall with Integrated Food Pantry,"$125,025","$125,025"
TPN-243919,RCP-040267,"County Of Broome New York, New York",New York,"Tier 2.  Metropolitan cities and counties with a population below 250,000 residents that are allocated more than $10 million in SLFRF funding, and NEUs that are allocated more than $10 million in SLFRF funding",Local Government,Completed,Support for Construction of New Building,1-Public Health,1.12-Mental Health Services,"Support for Construction of New Building for ""Family and Children's Counseling Service"".","$200,000","$200,000"
TPN-221157,RCP-023820,"Town Of Ellery, NY",New York,"Tier 5.  Metropolitan cities and counties with a population below 250,000 residents which received less than $10 million in SLFRF funding",Local Government,,New Town Hall Building,6-Revenue Replacement,6.1-Provision of Government Services,The Town has approved the use of the remaining ARPA funds to help offset the architectural costs of constructing a new town hall building.,"$54,000","$40,500"
TPN-215336,RCP-024534,"Town Of Blooming Grove, NY",New York,"Tier 5.  Metropolitan cities and counties with a population below 250,000 residents which received less than $10 million in SLFRF funding",Local Government,Completed 50% or more,Senior Center Building,6-Revenue Replacement,6.1-Provision of Government Services,"Construction on the new Senior Center Building began March 10, 2020 but was halted by the COVID-19 pandemic.  These funds are allocated to be used for supplying and connecting electric to the building.  There has been a delay in obtaining the components of the electrical system and, at present, delivery of the equipment is projected to be in late October 2024.  The electrical phase of the project is projected to be completed on or before February 27, 2026.","$325,592","$325,592"
TPN-136392,RCP-023711,"Town Of Wellsville, NY",New York,"Tier 5.  Metropolitan cities and counties with a population below 250,000 residents which received less than $10 million in SLFRF funding",Local Government,,New Municipal Building,6-Revenue Replacement,6.1-Provision of Government Services,New Municipal Building Construction,"$130,459","$130,459"
TPN-210261,RCP-025000,"Town Of Argyle, NY",New York,"Tier 5.  Metropolitan cities and counties with a population below 250,000 residents which received less than $10 million in SLFRF funding",Local Government,Completed,Town Hall,6-Revenue Replacement,6.1-Provision of Government Services,"This final project amount was used toward purchase of a new Town Hall facility which will house the Town Clerk, Supervisor, Assessor, meeting space and records storage, Town Court, and Highway Garage.  This facility will be public accessibility compliant, Court safety compliant, and include additional space for Town Highway needs.","$160,576","$160,576"
TPN-183740,RCP-037235,"Ithaca, New York",New York,"Tier 2.  Metropolitan cities and counties with a population below 250,000 residents that are allocated more than $10 million in SLFRF funding, and NEUs that are allocated more than $10 million in SLFRF funding",Local Government,Completed,GIAC Recreation Center,6-Revenue Replacement,6.1-Provision of Government Services,New Recreation Center for GIAC,"$300,000","$300,000"
TPN-124989,RCP-024808,"Town Of Dix, NY",New York,"Tier 5.  Metropolitan cities and counties with a population below 250,000 residents which received less than $10 million in SLFRF funding",Local Government,Completed,New Town Hall,6-Revenue Replacement,6.1-Provision of Government Services,"Build a new town hall for the Town. The project was 1.25 million and these funds helped us get this done as we were impacted by less income due to the pandemic. We were able to build this new town hall that was planned to be built in 2021 but with the pandemic we could not do this as we had to try to off set taxes charged to our community. This money allowed us to do just that, reduce taxes for 2022.","$218,817","$218,817"
TPN-145378,RCP-024891,"Town Of Southampton, NY",New York,"Tier 5.  Metropolitan cities and counties with a population below 250,000 residents which received less than $10 million in SLFRF funding",Local Government,,Westhampton Community Center,6-Revenue Replacement,6.1-Provision of Government Services,"Construction of new town  building in order to provide needed services to the elderly population in the community.  The Town of Southampton's mission is to serve all seniors and youth in the Township and this center will make fulfilling that mission more reachable.  This new community center will  provide after school programs for youth as well as serve the senior population with socialization, nutrition and service oriented programs.","$750,000","$750,000"
TPN-200780,RCP-023894,"Town Of Altona, NY",New York,"Tier 5.  Metropolitan cities and counties with a population below 250,000 residents which received less than $10 million in SLFRF funding",Local Government,Completed 50% or more,Building New Town Hall,6-Revenue Replacement,6.1-Provision of Government Services,"The Town of Altona is utilizing all of the ARPA funds to build a new town hall.  The current town hall deteriorated to the point of no longer being safe.  The existing building was not able to accept upgrades for ingress and egresss, water, sewer, internet or any other more necessary modern accommodations.   The new town hall will be able to meet current code requirements and will also have the capacity to serve as a shelter, if needed.","$300,102","$197,094"
TPN-098065,RCP-036850,"Binghamton, New York",New York,"Tier 2.  Metropolitan cities and counties with a population below 250,000 residents that are allocated more than $10 million in SLFRF funding, and NEUs that are allocated more than $10 million in SLFRF funding",Local Government,Completed,Fire Station,6-Revenue Replacement,6.1-Provision of Government Services,The City is utilizing up to 2 million of loss revenue dollars to reduce the long term cost of a new fire station being built.,"$2,000,000","$2,000,000"
TPN-112643,RCP-036020,"Mecklenburg County, North Carolina",North Carolina,"Tier 1. States, U.S. territories, metropolitan cities and counties with a population that exceeds 250,000 residents",Local Government,Completed,Miracle of Cedar Street Campaign,6-Revenue Replacement,6.1-Provision of Government Services,Build a new facility to provide 166 new beds for homeless men seeking treatment,"$3,000,000","$3,000,000"
TPN-239170,RCP-037626,"Robeson County, North Carolina",North Carolina,"Tier 2.  Metropolitan cities and counties with a population below 250,000 residents that are allocated more than $10 million in SLFRF funding, and NEUs that are allocated more than $10 million in SLFRF funding",Local Government,Completed,Career and Technical Center,6-Revenue Replacement,6.1-Provision of Government Services,The Public Schools of Robeson County (PSRC) is constructing a new school that will focus on educating students in the trades.  This will be a small step to help reduce the nationwide shortage of skilled workers.  This portion represents the money Robeson County is required to contribute to the project.,"$2,500,000","$2,500,000"
TPN-060040,RCP-026674,"Town Of Summerfield, NC",North Carolina,"Tier 5.  Metropolitan cities and counties with a population below 250,000 residents which received less than $10 million in SLFRF funding",Local Government,Cancelled,Town Hall,6-Revenue Replacement,6.1-Provision of Government Services,making a new town hall,$0,$0
TPN-109638,RCP-035823,"Buncombe County, North Carolina",North Carolina,"Tier 1. States, U.S. territories, metropolitan cities and counties with a population that exceeds 250,000 residents",Local Government,Completed 50% or more,Emergency Shelter for Domestic Violence Survivors,2-Negative Economic Impacts,2.16-Long-Term Housing Security: Services for Unhoused persons,"Helpmate will provide housing support services for unhoused persons through its Emergency Shelter for Domestic Violence Survivors Project. This project includes the construction of the new shelter, which will double the availability of emergency shelter for domestic violence survivors in Buncombe County. Project funds will support costs associated with site infrastructure, architectural design, structural engineering, construction, finishing, furnishing and related costs to build a 25-30,000 sq. ft. domestic violence shelter on land owned by the organization. With 42 shelter beds plus a multi-purpose space for overflow, Helpmate will have capacity to serve 475 adults and children per year in the new facility.","$2,000,000","$2,000,000"
TPN-166853,RCP-036538,"Butler County, Ohio",Ohio,"Tier 1. States, U.S. territories, metropolitan cities and counties with a population that exceeds 250,000 residents",Local Government,Completed 50% or more,City of Oxford Food Pantry and Family Resource Center,2-Negative Economic Impacts,2.34-Assistance to Impacted Nonprofit Organizations (Impacted or Disproportionately Impacted),To construct a new facility for the Talawanda Oxford pantry and social services resource center,"$1,500,000","$1,500,000"
TPN-139537,RCP-018151,"Clinton Township, OH",Ohio,"Tier 5.  Metropolitan cities and counties with a population below 250,000 residents which received less than $10 million in SLFRF funding",Local Government,Completed,Fire Station #1,6-Revenue Replacement,6.1-Provision of Government Services,Funds used to build new fire station and township house,"$423,832","$423,832"
TPN-131541,RCP-038486,"Rogers County, Oklahoma",Oklahoma,"Tier 2.  Metropolitan cities and counties with a population below 250,000 residents that are allocated more than $10 million in SLFRF funding, and NEUs that are allocated more than $10 million in SLFRF funding",Local Government,Completed,Rev Loss - Chelsea Fire,6-Revenue Replacement,6.1-Provision of Government Services,Purchase 4 new SCBA packs and construct new fire station,"$60,000","$60,000"
TPN-090212,RCP-007766,Town of Cornish,Oklahoma,"Tier 5.  Metropolitan cities and counties with a population below 250,000 residents which received less than $10 million in SLFRF funding",Local Government,Completed,NEW BUILDING FOR CITY HALL,6-Revenue Replacement,6.1-Provision of Government Services,BUILT A NEW CITY HALL FOR OUR COMMUNITY.,"$27,200","$27,200"
TPN-172230,RCP-036144,"Oklahoma County, Oklahoma",Oklahoma,"Tier 1. States, U.S. territories, metropolitan cities and counties with a population that exceeds 250,000 residents",Local Government,Completed,Revenue Replacement,6-Revenue Replacement,6.1-Provision of Government Services,"Oklahoma County elected to take the $10,000,000 standard allowance for Revenue Replace. The County has utilized $4.5M of the $10M allowance to purchase the land they intend to build the Medical and Behavioral Health Facility that will services the detainee population at the new County Jail site. The remaining land on the lot will be used to house the new jail site.","$4,500,000","$4,500,000"
TPN-197517,RCP-007640,City of Stilwell,Oklahoma,"Tier 5.  Metropolitan cities and counties with a population below 250,000 residents which received less than $10 million in SLFRF funding",Local Government,Completed,City Hall construction,6-Revenue Replacement,6.1-Provision of Government Services,"USDA loan facilitated new City Hall building for consolidation of city offices and services.  Used balance of ARPA funds as part of $610,855.68 in local revenue funds.","$412,957","$412,957"
TPN-172171,RCP-036122,"Clackamas County, Oregon",Oregon,"Tier 1. States, U.S. territories, metropolitan cities and counties with a population that exceeds 250,000 residents",Local Government,Completed less than 50%,Molalla Adult Community Center Project,2-Negative Economic Impacts,2.37-Economic Impact Assistance: Other,"Molalla Adult Community Center (MACC) is a Non-Profit organization providing programs and services that help equip clients to stay independent as long as possible. MACC provides resources, assistance, social activities, and meals with a focus of aiding Seniors and those with physical disabilities in Molalla and the surrounding area including Mulino, Colton, Beavercreek, and rural Canby.  Our Advisory Board has purchased land in the Molalla City limits to build a new building to house the MACC. The project funding is for pre-construction site prep work on the construction of the new Molalla Adult Community Center.","$200,000","$122,853"
TPN-189079,RCP-039807,"Benton County, Oregon",Oregon,"Tier 2.  Metropolitan cities and counties with a population below 250,000 residents that are allocated more than $10 million in SLFRF funding, and NEUs that are allocated more than $10 million in SLFRF funding",Local Government,Completed less than 50%,Benton County Courthouse and District Attorney Office Project,6-Revenue Replacement,6.1-Provision of Government Services,Construction of new Courthouse and District Attorney's Office to provide adequate space for delivering  publice safety and justice services for Benton County.,"$1,852,210",$0
TPN-062235,RCP-040453,State of Oregon,Oregon,"Tier 1. States, U.S. territories, metropolitan cities and counties with a population that exceeds 250,000 residents",State/DC,Completed,"East Umatilla Fire and Rescue, New Fire Station",6-Revenue Replacement,6.1-Provision of Government Services,Recipient shall build a new fire station.,"$4,900,000","$4,900,000"
TPN-048249,RCP-053688,"City Of Millersburg, OR",Oregon,"Tier 5.  Metropolitan cities and counties with a population below 250,000 residents which received less than $10 million in SLFRF funding",Local Government,Completed,Fire Station Construction,6-Revenue Replacement,6.1-Provision of Government Services,"Construction of new fire station with state-of-art HEPA and UV filtration, with facility design features to provide easy decontamination to minimize transfer of COVID and similar pathogens amongst fire and EMS employees.","$567,948","$567,948"
TPN-224503,RCP-053693,"City Of Monmouth, OR",Oregon,"Tier 5.  Metropolitan cities and counties with a population below 250,000 residents which received less than $10 million in SLFRF funding",Local Government,,Monmouth City Hall,6-Revenue Replacement,6.1-Provision of Government Services,Supplemental funding towards higher than anticipated construction costs of Monmouth's new city hall building due to supply chain issues and other inflationary demands.,"$450,000","$450,000"
TPN-167073,RCP-037408,"Johnstown, Pennsylvania",Pennsylvania,"Tier 2.  Metropolitan cities and counties with a population below 250,000 residents that are allocated more than $10 million in SLFRF funding, and NEUs that are allocated more than $10 million in SLFRF funding",Local Government,Completed,Public Safety Facility,1-Public Health,1.14-Other Public Health Services,"Construct a new Public Safety building to replace old, outdated facility.","$17,000","$17,000"
TPN-056261,RCP-023167,"Pocopson Township, PA",Pennsylvania,"Tier 5.  Metropolitan cities and counties with a population below 250,000 residents which received less than $10 million in SLFRF funding",Local Government,Completed,Township Building Infrastructure Project,6-Revenue Replacement,6.1-Provision of Government Services,Township is building a new municipal building.  Project includes physical building security and I.T. infrastructure.,"$99,465","$99,465"
TPN-264778,RCP-023351,"Canton Township, PA",Pennsylvania,"Tier 5.  Metropolitan cities and counties with a population below 250,000 residents which received less than $10 million in SLFRF funding",Local Government,,Municipal Garage,6-Revenue Replacement,6.1-Provision of Government Services,"Construction of new municipal garage was completed due to loss of structure on February 5, 2021 due to fire. Funds assisted in the construction of new structure and replacement of (2) trucks and (3) pieces of road equipment lost in fire. This was needed to continue to operate the road works department of Canton Township. Funds were obligated under Revenue Replacement eligible category.","$219,660","$219,660"
TPN-201450,RCP-022336,"Richhill Township, PA",Pennsylvania,"Tier 5.  Metropolitan cities and counties with a population below 250,000 residents which received less than $10 million in SLFRF funding",Local Government,Completed,Richhill Township Municipal Building,6-Revenue Replacement,6.1-Provision of Government Services,The township is building a new municipal building complex.  \nThe township has currently outgrown its current facility,"$34,406","$34,406"
TPN-262464,RCP-002051,"Town Of Olanta, SC",South Carolina,"Tier 5.  Metropolitan cities and counties with a population below 250,000 residents which received less than $10 million in SLFRF funding",Local Government,Completed,Olanta Revenue Replacement,6-Revenue Replacement,6.1-Provision of Government Services,"The Olanta Town Council accepted the SLFRF funds for revenue replacement to be used for government services.  The funds were expended during the calendar year of 2024 on the Town's new community center located in downtown Olanta, S.C.","$277,299","$277,299"
TPN-115144,RCP-014706,"City Of Greer, South Carolina",South Carolina,"Tier 2.  Metropolitan cities and counties with a population below 250,000 residents that are allocated more than $10 million in SLFRF funding, and NEUs that are allocated more than $10 million in SLFRF funding",Local Government,Completed,Suber Road Fire Station,6-Revenue Replacement,6.1-Provision of Government Services,Build a new fire station.,"$9,101,182","$9,101,182"
TPN-280576,RCP-039523,"Saluda County, SC",South Carolina,"Tier 5.  Metropolitan cities and counties with a population below 250,000 residents which received less than $10 million in SLFRF funding",Local Government,,EMS,6-Revenue Replacement,6.1-Provision of Government Services,Construct new EMS Station in a low income rural area.,"$1,028,021","$1,028,021"
TPN-184343,RCP-036882,"North Charleston City, South Carolina",South Carolina,"Tier 2.  Metropolitan cities and counties with a population below 250,000 residents that are allocated more than $10 million in SLFRF funding, and NEUs that are allocated more than $10 million in SLFRF funding",Local Government,Completed 50% or more,NCPD Evidence Facility,6-Revenue Replacement,6.1-Provision of Government Services,Construction of a new evidence facility for Police,"$7,000,000","$1,755,909"
TPN-240906,RCP-036882,"North Charleston City, South Carolina",South Carolina,"Tier 2.  Metropolitan cities and counties with a population below 250,000 residents that are allocated more than $10 million in SLFRF funding, and NEUs that are allocated more than $10 million in SLFRF funding",Local Government,Completed less than 50%,Gethseme Park New Facility,2-Negative Economic Impacts,2.22-Strong Healthy Communities: Neighborhood Features that Promote Health and Safety,New Community Center in Low Income Neighborhood used for various reasons included public safety and community promotions.,"$3,500,000","$119,324"
TPN-240899,RCP-036882,"North Charleston City, South Carolina",South Carolina,"Tier 2.  Metropolitan cities and counties with a population below 250,000 residents that are allocated more than $10 million in SLFRF funding, and NEUs that are allocated more than $10 million in SLFRF funding",Local Government,Completed less than 50%,Wye Lane Community Center,2-Negative Economic Impacts,2.22-Strong Healthy Communities: Neighborhood Features that Promote Health and Safety,New Community Center in Low Income Neighborhood used for various reasons included public safety and community promotions.,"$3,000,000","$852,930"
TPN-071483,RCP-039119,"Johnson City, Tennessee",Tennessee,"Tier 2.  Metropolitan cities and counties with a population below 250,000 residents that are allocated more than $10 million in SLFRF funding, and NEUs that are allocated more than $10 million in SLFRF funding",Local Government,Completed 50% or more,Fire Station - New Construction,6-Revenue Replacement,6.1-Provision of Government Services,Construction of new Fire Station,"$500,000","$500,000"
TPN-082661,RCP-038243,"Carter County, Tennessee",Tennessee,"Tier 2.  Metropolitan cities and counties with a population below 250,000 residents that are allocated more than $10 million in SLFRF funding, and NEUs that are allocated more than $10 million in SLFRF funding",Local Government,Completed,Hampton Volunteer Fire Department Building Project,6-Revenue Replacement,6.1-Provision of Government Services,"To provide part of the funding needed for the Hampton Volunteer Fire Department to build a new facility, replacing the existing structure that is no longer suitable for that operation.","$150,000","$150,000"
TPN-120936,RCP-038427,"Sullivan County, Tennessee",Tennessee,"Tier 2.  Metropolitan cities and counties with a population below 250,000 residents that are allocated more than $10 million in SLFRF funding, and NEUs that are allocated more than $10 million in SLFRF funding",Local Government,Completed,Indian Springs VFD,6-Revenue Replacement,6.1-Provision of Government Services,The Indian Springs Volunteer Fire Department is a new fire station. The station was necessary in order to keep up with the increase in calls due to COVID related instances. The new equipment is necessary to outfit the station with the items needed to run the station properly. The Indian Springs VFD provides emergency services along with the rescue squads in Sullivan County.,"$45,518","$45,518"
TPN-188109,RCP-036174,State Of Tennessee,Tennessee,"Tier 1. States, U.S. territories, metropolitan cities and counties with a population that exceeds 250,000 residents",State/DC,Not Started,Knox County Forensic Lab,1-Public Health,1.14-Other Public Health Services,"""Knox County was approved to construct a new facility that will allow the county\u2019s Regional Forensic Center to increase operational capacity to ensure critical services are available to meet the needs of the region. The Regional Forensic Center (RFC) serves as the medical examiner\u2019s office for Knox and Anderson Counties and performs autopsies for 21 additional counties in East Tennessee. Current working conditions negatively affect the ability of the facility to provide quality services and meet the growing demands of the region. The approved plan will nearly double the capacity of the new facility to 31,850 sq. ft. The Department expects the following outcomes to be associated with the project: Outcome 1: This proposed approval will increase capacity to provide critical and necessary services. Outcome 2: The funding allocated will allow the facility to remain National Association of Medical Examiners (NAME) accredited. Outcome 3: This proposal allows the Knox County Forensic Lab to properly support local counties and regions in East Tennessee. ""","$20,000,000",$0
TPN-082700,RCP-038243,"Carter County, Tennessee",Tennessee,"Tier 2.  Metropolitan cities and counties with a population below 250,000 residents that are allocated more than $10 million in SLFRF funding, and NEUs that are allocated more than $10 million in SLFRF funding",Local Government,Completed,Stoney Creek Volunteer Fire Department,6-Revenue Replacement,6.1-Provision of Government Services,"To provide part of the funding needed for the Stoney Creek Volunteer Fire Department to build a new facility, replacing the existing structure that is no longer suitable for that operation.","$150,000","$150,000"
TPN-076939,RCP-014370,"Greeneville Town, TN",Tennessee,"Tier 5.  Metropolitan cities and counties with a population below 250,000 residents which received less than $10 million in SLFRF funding",Local Government,Completed,New Fire Station,6-Revenue Replacement,6.1-Provision of Government Services,"Construction of a new fire station to replace Fire Station #2 which was built in the late 1950s. It has exceeded its lifespan and no longer provides an optimal working and living environment for first responders. The new fire station will allow  for appropriate social distancing for employees on shift, included the living space. There will be space that can be utilized to facilitate drive-through testing and vaccinations in the event of a pandemic or emergency. There will also be a training room, which can serve as an emergency operations command center in the event of a health crisis or other emergency. The new location of the fire station provides a central location for health officials, emergency personnel, and the general public in the event of a health crisis or other emergency.","$3,918,360","$3,918,360"
TPN-030014,RCP-039267,"Hamblen County, Tennessee",Tennessee,"Tier 2.  Metropolitan cities and counties with a population below 250,000 residents that are allocated more than $10 million in SLFRF funding, and NEUs that are allocated more than $10 million in SLFRF funding",Local Government,Completed,Revenue Loss - Jail and Justice Center Project - Project 1,6-Revenue Replacement,6.1-Provision of Government Services,The Jail and Justice Center Project will aid in the completion of a new jail and justice center.,"$7,500,000","$7,500,000"
TPN-215141,RCP-056552,"Saginaw, TX",Texas,"Tier 5.  Metropolitan cities and counties with a population below 250,000 residents which received less than $10 million in SLFRF funding",Local Government,Completed,Library/Senior Citizens Center,6-Revenue Replacement,6.1-Provision of Government Services,"Partial funding for the new library and senior citizen's center building.  This funding will be used for furniture and fixtures, other necessary equipment, and construction as needed.","$2,500,000","$2,500,000"
TPN-210386,RCP-056551,"Duncanville, TX",Texas,"Tier 5.  Metropolitan cities and counties with a population below 250,000 residents which received less than $10 million in SLFRF funding",Local Government,Completed,Fire Station Construction,6-Revenue Replacement,6.1-Provision of Government Services,"Construct new fire station.  Citizens of Duncanville passed a bond election in 2018 for $6,000,000 to construct a new fire station.  When the pandemic hit the City was in the design phase.  A contract for construction was not awarded until 2022.  The project cost had essentially doubled from pre-Covid.  By 2022 the nation had experienced on average inflation of 8%, cost of construction materials and demand had significantly increased leading to a disruption in the supply chain with labor shortages and rising fuel costs.  The fire station is a Public Safety need.   The city desires to not issue more debt to cover the shortages and further burden the public with higher taxes.  Expenses included construction cost and IT technology infrastructure for the station and EOC (emergency operations center).","$4,135,084","$4,135,084"
TPN-023697,RCP-053191,"City Of Allen, Texas",Texas,"Tier 2.  Metropolitan cities and counties with a population below 250,000 residents that are allocated more than $10 million in SLFRF funding, and NEUs that are allocated more than $10 million in SLFRF funding",Local Government,Completed,Fire Station #6,6-Revenue Replacement,6.1-Provision of Government Services,Fire Station #6 \u2013 PS1901\nThe construction of the newest and last fire station in Allen will be essential in serving the northwest quadrant of the City. Future development along the SH121 corridor and at the US75/SH121 interchange will require a new fire station. The additional fire station will reduce response times and support the needs of the community.,"$3,500,000","$3,500,000"
TPN-060333,RCP-036178,"Webb County, Texas",Texas,"Tier 1. States, U.S. territories, metropolitan cities and counties with a population that exceeds 250,000 residents",Local Government,Completed less than 50%,Southern Fire Station,1-Public Health,1.7-Other COVID-19 Public Health Expenses (including Communications Enforcement Isolation/Quarantine),"Webb County will construct a new Fire Station. Webb County has issued designated contract for architectural services for this project and is issued a NTP on October 11, 2022. Currently the project is under construction with Quantum Corp who was properly procureed as the construction on May 13, 2024 and is ongoing and nearing completion by October 2025.","$4,710,343","$4,710,343"
TPN-208609,RCP-056313,"Elgin, TX",Texas,"Tier 5.  Metropolitan cities and counties with a population below 250,000 residents which received less than $10 million in SLFRF funding",Local Government,Completed,COE Police Building,6-Revenue Replacement,6.1-Provision of Government Services,Construction of new police station building,"$1,535,715","$1,535,715"
TPN-139846,RCP-040004,"Haskell County, TX",Texas,"Tier 5.  Metropolitan cities and counties with a population below 250,000 residents which received less than $10 million in SLFRF funding",Local Government,Completed less than 50%,Haskell County Emergency Operations Center,2-Negative Economic Impacts,2.22-Strong Healthy Communities: Neighborhood Features that Promote Health and Safety,"Construct new emergency operations center for Haskell County, Texas.","$1,099,000","$1,099,000"
TPN-139912,RCP-038605,"Ward County, TX",Texas,"Tier 5.  Metropolitan cities and counties with a population below 250,000 residents which received less than $10 million in SLFRF funding",Local Government,Completed 50% or more,Ward County Jail and Sheriff's Office,6-Revenue Replacement,6.1-Provision of Government Services,"Construction of new jail and sheriff's office, including medical area and special cells for inmates who have contagious diseases so the air is vented out of the facility.  We awarded the bid on February 12, 2024. The Project to began April 20, 2024 and is scheduled to end August 28, 2025. Total project expected to be $41,652,022.58 with the majority paid from local funds.","$2,330,471","$2,330,471"
TPN-281175,RCP-056309,"Aurora, TX",Texas,"Tier 5.  Metropolitan cities and counties with a population below 250,000 residents which received less than $10 million in SLFRF funding",Local Government,,Aurora City Hall,6-Revenue Replacement,6.1-Provision of Government Services,Funds used towards the cost of the construction of a new city hall which would have typically been paid for out of revenue generated during a normal budget year.,"$375,393","$375,393"
TPN-149712,RCP-056140,"Mount Pleasant, TX",Texas,"Tier 5.  Metropolitan cities and counties with a population below 250,000 residents which received less than $10 million in SLFRF funding",Local Government,Completed,Library Storage Bdg,2-Negative Economic Impacts,2.22-Strong Healthy Communities: Neighborhood Features that Promote Health and Safety,Site prep and construction of new library storage building next to the library .,"$177,940","$177,940"
TPN-195614,RCP-057003,"Weir, TX",Texas,"Tier 5.  Metropolitan cities and counties with a population below 250,000 residents which received less than $10 million in SLFRF funding",Local Government,Completed,Weir Community Center,6-Revenue Replacement,6.1-Provision of Government Services,"this project has used $131,586.09 to build a new community center which will be used for citizens to shelter in the event of an emergency and/or pandemic.  The community center is completed.","$131,586","$131,586"
TPN-048599,RCP-056777,"Dimmitt, TX",Texas,"Tier 5.  Metropolitan cities and counties with a population below 250,000 residents which received less than $10 million in SLFRF funding",Local Government,Completed,Police Station,6-Revenue Replacement,6.1-Provision of Government Services,"The City of Dimmitt seeks to purchase a new Police Station. The City has outgrown their current facility with no room to expand. The Police Department has seven full-time officers, one part-time officer, one records clerk/dispatcher, and one animal control officer. These 10 employees have shared a space with only four offices for many years. This space contributed to social distancing challenges during the COVID-19 pandemic. The new building will allow each employee to have their own office with room for growth.","$125,230","$125,230"
TPN-091239,RCP-056027,"Escobares, TX",Texas,"Tier 5.  Metropolitan cities and counties with a population below 250,000 residents which received less than $10 million in SLFRF funding",Local Government,Completed,Revenue Replacement,6-Revenue Replacement,6.1-Provision of Government Services,Revenue Replacement to provide general municipal government services. Construction of New City Hall and Car Port for Fire Trucks.,"$543,276","$543,276"
TPN-109430,RCP-035852,"El Paso County, Texas",Texas,"Tier 1. States, U.S. territories, metropolitan cities and counties with a population that exceeds 250,000 residents",Local Government,Completed less than 50%,OFFICE OF MEDICAL EXAMINER- MNK,3-Public Health-Negative Economic Impact: Public Sector Capacity,3.4-Public Sector Capacity: Effective Service Delivery,The Office of the Medical Examiner (OME) is seeking to construct a new facility as existing operational demands can no longer be housed in the existing facility.,"$177,217","$15,000"
TPN-065331,RCP-039179,"Wilson County, TX",Texas,"Tier 5.  Metropolitan cities and counties with a population below 250,000 residents which received less than $10 million in SLFRF funding",Local Government,Completed less than 50%,Wilson County Emergency Management Operations Center,1-Public Health,1.14-Other Public Health Services,"Wilson County will hire a consultant to construct a new emergency operations center to facilitate an integrated response to all emergencies--local and national. This facility will include appropriate and current technology, office space, emergency planning / mobilization and staging space, and all items necessary to provide this county and surrounding areas with the utmost responsive and integrated approach to managing an emergency.","$1,302,877","$222,515"
TPN-239771,RCP-056259,"Talty, TX",Texas,"Tier 5.  Metropolitan cities and counties with a population below 250,000 residents which received less than $10 million in SLFRF funding",Local Government,Completed,Talty City Facililty,6-Revenue Replacement,6.1-Provision of Government Services,"The City of Talty constructed a facility providing for police and emergency services as well as accompanying administrative support to citizens and regional law enforcement, first responders, utility crews and related service providers. Will also headquarter all city administrative services and be available for community events. The project also included the first section of a roadway projected to eventually connect to frontage roads along I-20. This roadway is sanctioned by the Texas Department of Transportation and incorporated into the design and construction plans. This connection will provide a improved traffic flow,  a common sense option for a major segment of the population and greatly improve response time for area emergency services; including a new fire station projected to be constructed soon by our local emergency services district.","$685,241","$685,241"
TPN-176178,RCP-036731,"Provo, Utah",Utah,"Tier 2.  Metropolitan cities and counties with a population below 250,000 residents that are allocated more than $10 million in SLFRF funding, and NEUs that are allocated more than $10 million in SLFRF funding",Local Government,Completed,Fire Station 1 rebuild,6-Revenue Replacement,6.1-Provision of Government Services,Architectural design and construction for replacement of fire station 1. New fire station 1 will be built to have a fire engine housed there along with the crew to operate it. This will better serve the small businesses and citizen within Provo City.,"$1,850,000","$1,850,000"
TPN-154873,RCP-052753,"Rutland Town, VT",Vermont,"Tier 5.  Metropolitan cities and counties with a population below 250,000 residents which received less than $10 million in SLFRF funding",Local Government,Completed,Public Safety Building,6-Revenue Replacement,6.1-Provision of Government Services,New Public Safety Building,"$1,221,072","$1,221,072"
TPN-243976,RCP-040323,"Fairfax, Virginia",Virginia,"Tier 2.  Metropolitan cities and counties with a population below 250,000 residents that are allocated more than $10 million in SLFRF funding, and NEUs that are allocated more than $10 million in SLFRF funding",Local Government,Completed,Fire Station No.3,10-Title I,10.1-Acquisition of real property,Acquisition of Property for a new Fire Station,"$5,449,682","$5,449,682"
TPN-287552,RCP-037362,"Nottoway County, VA",Virginia,"Tier 5.  Metropolitan cities and counties with a population below 250,000 residents which received less than $10 million in SLFRF funding",Local Government,Completed 50% or more,Animal Shelter Architect,10-Title I,"10.16-Assistance to private, for profit entities to carry out economic development projects",Used funds to pay for the new Animal Shelter Architect contract. The Architect is in charge of producing the design and schematics for the new County Animal Shelter.,"$75,000","$75,000"
TPN-143827,RCP-035354,"Town Of South Hill, VA",Virginia,"Tier 5.  Metropolitan cities and counties with a population below 250,000 residents which received less than $10 million in SLFRF funding",Local Government,Completed,Public Works Building,6-Revenue Replacement,6.1-Provision of Government Services,The Public Works Building Project is to construct a new Public Works Building. This project will fund a portion of the cost to construct a new facility which will provide an updated facility to provide for the needs of the town's Public Works Department.,"$1,000,000","$1,000,000"
TPN-143341,RCP-035317,"Town Of Nassawadox, VA",Virginia,"Tier 5.  Metropolitan cities and counties with a population below 250,000 residents which received less than $10 million in SLFRF funding",Local Government,Completed,Library Foundation Donation,6-Revenue Replacement,6.1-Provision of Government Services,"Eastern Shore Public Library is constructing new library in Parksley, VA and this represents our town support of this","$2,500","$2,500"
TPN-197239,RCP-038409,"Franklin County, Washington",Washington,"Tier 2.  Metropolitan cities and counties with a population below 250,000 residents that are allocated more than $10 million in SLFRF funding, and NEUs that are allocated more than $10 million in SLFRF funding",Local Government,Completed less than 50%,Fire District No. 2 Fire Station,6-Revenue Replacement,6.1-Provision of Government Services,"Fire District No. 2 provision of government services will use the funds for Phase 1 of a new fire station, which may be used for the prevention, treatment, and/or mitigation of COVID-19. This includes a 60ft x 45ft structure with 3 bays to house 6 emergency vehicles, fire trucks and/or ambulance, as well as provide emergency care and services.","$963,615","$963,615"
TPN-248172,RCP-036002,"Yakima County, Washington",Washington,"Tier 1. States, U.S. territories, metropolitan cities and counties with a population that exceeds 250,000 residents",Local Government,Completed 50% or more,Highland Food Bank Building,2-Negative Economic Impacts,2.1-Household Assistance: Food Programs,"Build a new facility for the Highland Food Bank in Tieton, WA.  The building is a galvanized metal and pole structure that will be 30\u2019 X 72\u2019, which is 2160 square feet.","$400,000","$322,874"
TPN-114581,RCP-036762,"Mercer County, West Virginia",West Virginia,"Tier 2.  Metropolitan cities and counties with a population below 250,000 residents that are allocated more than $10 million in SLFRF funding, and NEUs that are allocated more than $10 million in SLFRF funding",Local Government,Completed,Athens Volunteer Fire Department-Purchase Property for New Fire Department,2-Negative Economic Impacts,2.22-Strong Healthy Communities: Neighborhood Features that Promote Health and Safety,"The Athens Volunteer Fire Department requested ARP funding to purchase property for the construction of a new fire station, community center, and emergency shelter in the Town of Athens.   This facility would allow the citizens of Athens and surrounding communities including Lerona, Speedway, Pettry, Elgood, Pipestem, Gardner, and Island Creek to have an emergency shelter closer to home without having to travel to the nearest shelter, which is in Princeton, West Virginia.  The Athens VFD has been operating out of the same building since 1967.  The current available space does not meet current or future needs.","$150,000","$150,000"
TPN-139296,RCP-034533,"Town Of Marshall, WI",Wisconsin,"Tier 5.  Metropolitan cities and counties with a population below 250,000 residents which received less than $10 million in SLFRF funding",Local Government,Completed,New Town Hall,6-Revenue Replacement,6.1-Provision of Government Services,"Last reporting period (April 1, 2022 - March 31, 2023) expenditures were used to demo our old town hall. This period the remaining expenditures were used to construction a new town hall building. This building will be used for meetings and elections.","$57,463","$57,463"
TPN-231513,RCP-033533,"Town Of Scott, WI",Wisconsin,"Tier 5.  Metropolitan cities and counties with a population below 250,000 residents which received less than $10 million in SLFRF funding",Local Government,,Scott Town Hall,6-Revenue Replacement,6.1-Provision of Government Services,Construction of new town hall,"$98,074","$98,074"
TPN-162534,RCP-034170,"Town Of Hull, WI",Wisconsin,"Tier 5.  Metropolitan cities and counties with a population below 250,000 residents which received less than $10 million in SLFRF funding",Local Government,Completed,New Town Hall Building,6-Revenue Replacement,6.1-Provision of Government Services,"The Town of Hull used revenue replacement funding in the amount $83,002.16 for the new town hall building.","$83,002","$83,002"
TPN-209824,RCP-033651,"Town Of Westford, WI",Wisconsin,"Tier 5.  Metropolitan cities and counties with a population below 250,000 residents which received less than $10 million in SLFRF funding",Local Government,Completed,New Town Hall,6-Revenue Replacement,6.1-Provision of Government Services,A new town hall will be constructed on the site of the current town hall.  The current structure does not have a sewer or running water.  A wall mounted heater is used to heat the building.  The foundation is crumbling and the building no longer meets the needs of the community.  All town hall meetings and elections are held in this building where there are no bathroom facilities which makes attracting poll workers difficult.  The building is over 100 years old and needs to be replaced.,"$125,812","$125,812"
TPN-121231,RCP-038511,"Kewaunee County, WI",Wisconsin,"Tier 5.  Metropolitan cities and counties with a population below 250,000 residents which received less than $10 million in SLFRF funding",Local Government,Completed,County Jail Project,6-Revenue Replacement,6.1-Provision of Government Services,New Jail project,"$1,239,864","$1,239,864"
TPN-270049,RCP-034444,"Town Of Milltown, WI",Wisconsin,"Tier 5.  Metropolitan cities and counties with a population below 250,000 residents which received less than $10 million in SLFRF funding",Local Government,Completed,Town Hall,6-Revenue Replacement,6.1-Provision of Government Services,"New Town Hall and Garage Addition.  Advertising and bids were received for building a new town hall which will be used for the clerk and town meetings, and an addition to the town shop for equipment storage.  The Town Hall was built from the ground up and an addition to the existing town shop for storage of Town of Milltown equipment.","$128,952","$128,952"
TPN-284787,RCP-034919,"Village Of Germantown, WI",Wisconsin,"Tier 5.  Metropolitan cities and counties with a population below 250,000 residents which received less than $10 million in SLFRF funding",Local Government,,PD Building Design,6-Revenue Replacement,6.1-Provision of Government Services,The Village allocated funds to begin preliminary design for the construction of a new public safety building.,"$64,690","$50,584"
